,insert,zscore,percIns_predicted
0,CACCACCACCACCACCAC,2.2889612,14.656753816604613
1,CATCACCACCACCACCAC,1.7849009,12.499375867843629
2,CACCATCACCACCACCAC,1.2557166,10.234466886520387
3,CATCATCACCACCACCAC,0.8166514,8.355268008708954
4,CACCACCATCACCACCAC,1.277491,10.327661366462708
5,CATCACCATCACCACCAC,0.70398575,7.873059012889863
6,CACCATCATCACCACCAC,0.61632633,7.497876701354981
7,CATCATCATCACCACCAC,0.507652,7.032750494480133
8,CACCACCACCATCACCAC,1.4696425,11.15006998538971
9,CATCACCACCATCACCAC,0.82603806,8.395442907810212
10,CACCATCACCATCACCAC,0.7545871,8.089632847309113
11,CATCATCACCATCACCAC,0.68723434,7.801362984180451
12,CACCACCATCATCACCAC,0.7545871,8.089632847309113
13,CATCACCATCATCACCAC,0.6372044,7.5872348690032965
14,CACCATCATCATCACCAC,0.52802354,7.1199407553672796
15,CATCATCATCATCACCAC,0.27528527,6.038220971822739
16,CACCACCACCACCATCAC,1.6556884,11.946346373558045
17,CATCACCACCACCATCAC,0.91477746,8.775247519016267
18,CACCATCACCACCATCAC,0.7545871,8.089632847309113
19,CATCATCACCACCATCAC,0.6334002,7.570952863693238
20,CACCACCATCACCATCAC,0.7545871,8.089632847309113
21,CATCACCATCACCATCAC,0.6372044,7.5872348690032965
22,CACCATCATCACCATCAC,0.52802354,7.1199407553672796
23,CATCATCATCACCATCAC,0.2663776,6.000096119642258
24,CACCACCACCATCATCAC,0.91366947,8.770505318641664
25,CATCACCACCATCATCAC,0.65197766,7.65046437740326
26,CACCATCACCATCATCAC,0.6334002,7.570952863693238
27,CATCATCACCATCATCAC,0.47648537,6.899357390403749
28,CACCACCATCATCATCAC,0.6334002,7.570952863693238
29,CATCACCATCATCATCAC,0.42645547,6.685229402780533
30,CACCATCATCATCATCAC,0.31727478,6.217936054468155
31,CATCATCATCATCATCAC,0.26980272,6.014755638837815
32,CACCACCACCACCACCAT,1.7849009,12.499375867843629
33,CATCACCACCACCACCAT,0.87160844,8.59048410654068
34,CACCATCACCACCACCAT,0.7551386,8.09199310541153
35,CATCATCACCACCACCAT,0.77260834,8.166763694286347
36,CACCACCATCACCACCAT,0.7551386,8.09199310541153
37,CATCACCATCACCACCAT,0.6562631,7.668806123733521
38,CACCATCATCACCACCAT,0.62621284,7.540190935134888
39,CATCATCATCACCACCAT,0.27528527,6.038220971822739
40,CACCACCACCATCACCAT,0.9142209,8.77286557674408
41,CATCACCACCATCACCAT,0.7414675,8.033480796813965
42,CACCATCACCATCACCAT,0.72289,7.953969283103943
43,CATCATCACCATCACCAT,0.48028955,6.915639268159866
44,CACCACCATCATCACCAT,0.77672416,8.184379403591157
45,CATCACCATCATCACCAT,0.39554837,6.5529470384120945
46,CACCATCATCATCACCAT,0.311664,6.193921856880189
47,CATCATCATCATCACCAT,0.32760605,6.262153903245927
48,CACCACCACCACCATCAT,0.9153289,8.777607777118684
49,CATCACCACCACCATCAT,0.76633203,8.139901089668275
50,CACCATCACCACCATCAT,0.72289,7.953969283103943
51,CATCATCACCACCATCAT,0.48158008,6.921162736415864
52,CACCACCATCACCATCAT,0.72289,7.953969283103943
53,CATCACCATCACCATCAT,0.3417143,6.322537173032761
54,CACCATCATCACCATCAT,0.3417143,6.322537173032761
55,CATCATCATCACCATCAT,0.31869838,6.224029051065445
56,CACCACCACCATCATCAT,0.7953016,8.263890917301179
57,CATCACCACCATCATCAT,0.49506283,6.97886890411377
58,CACCATCACCATCATCAT,0.47648537,6.899357390403749
59,CATCATCACCATCATCAT,0.49870077,6.994439285993577
60,CACCACCATCATCATCAT,0.47648537,6.899357390403749
61,CATCACCATCATCATCAT,0.4211921,6.6627022290229805
62,CACCATCATCATCATCAT,0.35692638,6.387644913196564
63,CATCATCATCATCATCAT,0.12639198,5.400957661867142
