Insert, Rep1_read, Rep2_read, Rep3_read, Plasmid_read 
AAAGGA,73,76,103,297
AACGGA,97,119,117,210
AAGGGA,117,188,106,220
AATGGA,139,96,112,235
ACAGGA,210,284,159,479
ACCGGA,283,357,239,399
ACGGGA,337,459,147,446
ACTGGA,237,207,127,373
AGAGGA,124,110,144,361
AGCGGA,85,118,92,322
AGGGGA,114,149,86,382
AGTGGA,122,272,119,376
ATAGGA,261,232,192,397
ATCGGA,165,248,231,420
ATGGGA,81,155,129,330
ATTGGA,141,296,236,363
CAAGGA,49,97,83,309
CACGGA,155,149,98,270
CAGGGA,58,62,78,217
CATGGA,68,128,85,287
CCAGGA,127,219,137,379
CCCGGA,152,201,213,278
CCGGGA,106,135,128,331
CCTGGA,150,219,122,368
CGAGGA,79,74,93,449
CGCGGA,194,312,148,455
CGGGGA,85,152,64,272
CGTGGA,125,257,169,474
CTAGGA,163,155,119,375
CTCGGA,115,123,120,231
CTGGGA,165,100,179,328
CTTGGA,139,131,139,313
GAAGGA,44,100,22,210
GACGGA,99,93,145,301
GAGGGA,46,62,34,220
GATGGA,44,105,70,279
GCAGGA,171,237,150,493
GCCGGA,148,282,183,389
GCGGGA,162,181,107,359
GCTGGA,110,198,98,408
GGAGGA,55,55,33,366
GGCGGA,56,151,89,329
GGGGGA,85,130,76,300
GGTGGA,49,72,49,261
GTAGGA,108,146,95,399
GTCGGA,94,156,60,264
GTGGGA,92,144,151,317
GTTGGA,126,119,120,401
TAAGGA,44,33,33,290
TACGGA,101,162,74,279
TAGGGA,42,100,59,241
TATGGA,57,69,54,236
TCAGGA,66,67,89,372
TCCGGA,155,207,116,324
TCGGGA,122,129,80,386
TCTGGA,77,160,99,392
TGAGGA,34,17,36,320
TGCGGA,115,123,104,427
TGGGGA,29,52,44,310
TGTGGA,23,127,40,318
TTAGGA,29,126,95,345
TTCGGA,105,162,121,300
TTGGGA,60,36,83,293
TTTGGA,68,113,57,363
