,length,variable,value,mean,std,target
0,33,CCATG-GATGATGATATCGCCGCGCTCGTCGTCGA,"[-15.92549997997284, 3.7361744812648654]",-15.92549997997284,3.7361744812648654,ACTB
1,69,CCATG-GATGATGATATCGCCGCGCTCGTCGTCGA,"[-25.99303999710083, 4.978958420537201]",-25.99303999710083,4.978958420537201,ACTB
2,48,CCATG-GATGATGATATCGCCGCGCTCGTCGTCGA,"[-20.229300022125244, 4.408896857323662]",-20.229300022125244,4.408896857323662,ACTB
3,18,CCATG-GATGATGATATCGCCGCGCTCGTCGTCGA,"[-12.012799982070923, 2.732609790238367]",-12.012799982070923,2.732609790238367,ACTB
4,24,CCATG-GATGATGATATCGCCGCGCTCGTCGTCGA,"[-13.670699995994568, 3.051558873256946]",-13.670699995994568,3.051558873256946,ACTB
5,60,CCATG-GATGATGATATCGCCGCGCTCGTCGTCGA,"[-23.73157001209259, 4.934789179249715]",-23.73157001209259,4.934789179249715,ACTB
6,33,C-CATGGTGAGCTGCGAGAATAGCCGGGCGCGCTG,"[-17.278100021362306, 4.069694139207706]",-17.278100021362306,4.069694139207706,ACTB-rc
7,69,C-CATGGTGAGCTGCGAGAATAGCCGGGCGCGCTG,"[-28.054500028610228, 5.144391119602221]",-28.054500028610228,5.144391119602221,ACTB-rc
8,48,C-CATGGTGAGCTGCGAGAATAGCCGGGCGCGCTG,"[-21.877699973106385, 4.651334486325893]",-21.877699973106385,4.651334486325893,ACTB-rc
9,18,C-CATGGTGAGCTGCGAGAATAGCCGGGCGCGCTG,"[-12.463300008773803, 3.077200491093097]",-12.463300008773803,3.077200491093097,ACTB-rc
10,24,C-CATGGTGAGCTGCGAGAATAGCCGGGCGCGCTG,"[-14.39680000782013, 3.387540372228487]",-14.39680000782013,3.387540372228487,ACTB-rc
11,60,C-CATGGTGAGCTGCGAGAATAGCCGGGCGCGCTG,"[-25.719999997138977, 4.971269401030961]",-25.719999997138977,4.971269401030961,ACTB-rc
12,33,TGATGGCAGAGGAAAGGAAGCCCTGCTTCCTCCA,"[-19.401399974822997, 3.2104856539379187]",-19.401399974822997,3.2104856539379187,HEK3
13,69,TGATGGCAGAGGAAAGGAAGCCCTGCTTCCTCCA,"[-29.42140002632141, 4.537638350625328]",-29.42140002632141,4.537638350625328,HEK3
14,48,TGATGGCAGAGGAAAGGAAGCCCTGCTTCCTCCA,"[-23.552799980163574, 3.7442104528061253]",-23.552799980163574,3.7442104528061253,HEK3
15,18,TGATGGCAGAGGAAAGGAAGCCCTGCTTCCTCCA,"[-15.304500020027161, 2.436212180799165]",-15.304500020027161,2.436212180799165,HEK3
16,24,TGATGGCAGAGGAAAGGAAGCCCTGCTTCCTCCA,"[-16.862200010299684, 2.6358435494322845]",-16.862200010299684,2.6358435494322845,HEK3
17,60,TGATGGCAGAGGAAAGGAAGCCCTGCTTCCTCCA,"[-27.191799982070922, 4.31007571651768]",-27.191799982070922,4.31007571651768,HEK3
18,33,TG-GCGGACGCCGGCATTCGCCGCGTGGTTCCCAG,"[-20.835999957084656, 3.7383852190951163]",-20.835999957084656,3.7383852190951163,NOLC1
19,69,TG-GCGGACGCCGGCATTCGCCGCGTGGTTCCCAG,"[-31.135140001296996, 5.059370391454038]",-31.135140001296996,5.059370391454038,NOLC1
20,48,TG-GCGGACGCCGGCATTCGCCGCGTGGTTCCCAG,"[-25.064999972343443, 4.321163582624945]",-25.064999972343443,4.321163582624945,NOLC1
21,18,TG-GCGGACGCCGGCATTCGCCGCGTGGTTCCCAG,"[-16.7831999874115, 2.8372940905009143]",-16.7831999874115,2.8372940905009143,NOLC1
22,24,TG-GCGGACGCCGGCATTCGCCGCGTGGTTCCCAG,"[-18.443200030326842, 3.1439106141241644]",-18.443200030326842,3.1439106141241644,NOLC1
23,60,TG-GCGGACGCCGGCATTCGCCGCGTGGTTCCCAG,"[-28.755099962234496, 4.760266158190229]",-28.755099962234496,4.760266158190229,NOLC1
24,33,CCATG-GCGACTGCGACCCCCGTGCCGCCGCGGAT,"[-18.07770001411438, 4.328222797013423]",-18.07770001411438,4.328222797013423,LMNB1
25,69,CCATG-GCGACTGCGACCCCCGTGCCGCCGCGGAT,"[-28.343899948120118, 5.393327599264389]",-28.343899948120118,5.393327599264389,LMNB1
26,48,CCATG-GCGACTGCGACCCCCGTGCCGCCGCGGAT,"[-22.580499989509583, 4.917878562034829]",-22.580499989509583,4.917878562034829,LMNB1
27,18,CCATG-GCGACTGCGACCCCCGTGCCGCCGCGGAT,"[-14.04139999818802, 3.609632405612212]",-14.04139999818802,3.609632405612212,LMNB1
28,24,CCATG-GCGACTGCGACCCCCGTGCCGCCGCGGAT,"[-15.581700000286101, 3.6680669439241083]",-15.581700000286101,3.6680669439241083,LMNB1
29,60,CCATG-GCGACTGCGACCCCCGTGCCGCCGCGGAT,"[-26.017999980926515, 5.179756356100361]",-26.017999980926515,5.179756356100361,LMNB1
30,33,C-CATGGCGGGCGGCGGAGACAGCGGGGCGGCGAG,"[-19.27310002708435, 5.1600374509251505]",-19.27310002708435,5.1600374509251505,LMNB1-rc
31,69,C-CATGGCGGGCGGCGGAGACAGCGGGGCGGCGAG,"[-30.582500013351442, 5.697268107313758]",-30.582500013351442,5.697268107313758,LMNB1-rc
32,48,C-CATGGCGGGCGGCGGAGACAGCGGGGCGGCGAG,"[-24.201599992752076, 5.491972083927065]",-24.201599992752076,5.491972083927065,LMNB1-rc
33,18,C-CATGGCGGGCGGCGGAGACAGCGGGGCGGCGAG,"[-13.809100007534028, 4.1604479464263555]",-13.809100007534028,4.1604479464263555,LMNB1-rc
34,24,C-CATGGCGGGCGGCGGAGACAGCGGGGCGGCGAG,"[-15.981400018692016, 4.513505748952643]",-15.981400018692016,4.513505748952643,LMNB1-rc
35,60,C-CATGGCGGGCGGCGGAGACAGCGGGGCGGCGAG,"[-28.366199999809265, 5.697613301677688]",-28.366199999809265,5.697613301677688,LMNB1-rc
36,33,CTGAGGTGTTCGTTGTAACTCATATAAACTGAGT,"[-13.438200010299683, 3.081188206142835]",-13.438200010299683,3.081188206142835,RNF1
37,69,CTGAGGTGTTCGTTGTAACTCATATAAACTGAGT,"[-23.660299997329712, 4.419675762439032]",-23.660299997329712,4.419675762439032,RNF1
38,48,CTGAGGTGTTCGTTGTAACTCATATAAACTGAGT,"[-17.651400009155275, 3.7331003397438125]",-17.651400009155275,3.7331003397438125,RNF1
39,18,CTGAGGTGTTCGTTGTAACTCATATAAACTGAGT,"[-9.177299998998642, 2.5426157231275517]",-9.177299998998642,2.5426157231275517,RNF1
40,24,CTGAGGTGTTCGTTGTAACTCATATAAACTGAGT,"[-10.787500003099442, 2.635214181727955]",-10.787500003099442,2.635214181727955,RNF1
41,60,CTGAGGTGTTCGTTGTAACTCATATAAACTGAGT,"[-21.243200022697447, 4.109495575951982]",-21.243200022697447,4.109495575951982,RNF1
42,33,TG-GAGGAGCCGCAGTCAGATCCTAGCGTCGAGCC,"[-15.455000009059907, 4.147374452988446]",-15.455000009059907,4.147374452988446,TP53
43,69,TG-GAGGAGCCGCAGTCAGATCCTAGCGTCGAGCC,"[-26.024870013237, 5.306610593467076]",-26.024870013237,5.306610593467076,TP53
44,48,TG-GAGGAGCCGCAGTCAGATCCTAGCGTCGAGCC,"[-20.060080017089845, 4.614480814719581]",-20.060080017089845,4.614480814719581,TP53
45,18,TG-GAGGAGCCGCAGTCAGATCCTAGCGTCGAGCC,"[-10.707000017642974, 3.337461758186198]",-10.707000017642974,3.337461758186198,TP53
46,24,TG-GAGGAGCCGCAGTCAGATCCTAGCGTCGAGCC,"[-12.661899998664856, 3.5792510864680978]",-12.661899998664856,3.5792510864680978,TP53
47,60,TG-GAGGAGCCGCAGTCAGATCCTAGCGTCGAGCC,"[-23.82087004184723, 5.099933469092521]",-23.82087004184723,5.099933469092521,TP53
48,33,C-CATGGCAGTGACCCGGAAGGCAGTCTGGCTGCT,"[-18.507100025177003, 3.8089814546590315]",-18.507100025177003,3.8089814546590315,TP53-rc
49,69,C-CATGGCAGTGACCCGGAAGGCAGTCTGGCTGCT,"[-28.714220001220703, 4.910917661667645]",-28.714220001220703,4.910917661667645,TP53-rc
50,48,C-CATGGCAGTGACCCGGAAGGCAGTCTGGCTGCT,"[-22.79280000972748, 4.385372033343778]",-22.79280000972748,4.385372033343778,TP53-rc
51,18,C-CATGGCAGTGACCCGGAAGGCAGTCTGGCTGCT,"[-14.205799970626831, 2.819394715974568]",-14.205799970626831,2.819394715974568,TP53-rc
52,24,C-CATGGCAGTGACCCGGAAGGCAGTCTGGCTGCT,"[-16.00439999961853, 3.1340741447869647]",-16.00439999961853,3.1340741447869647,TP53-rc
53,60,C-CATGGCAGTGACCCGGAAGGCAGTCTGGCTGCT,"[-26.4713000125885, 4.7953421471948205]",-26.4713000125885,4.7953421471948205,TP53-rc
