length_PBSinsert,PBS,value,VF_mean_PBSinsert,VF_std_PBSinsert
14,TCCCTTCTGCAGC,"[-3.036699996843934, 2.5709342864155285]",-3.036699996843934,2.5709342864155285
15,TCCCTTCTGCAGC,"[-3.113299995034933, 2.4574810428682254]",-3.113299995034933,2.4574810428682254
16,TCCCTTCTGCAGC,"[-3.6605999988391997, 2.716381347117687]",-3.6605999988391997,2.716381347117687
17,TCCCTTCTGCAGC,"[-3.662600000232458, 2.672654342476396]",-3.662600000232458,2.672654342476396
18,TCCCTTCTGCAGC,"[-4.058299998179078, 2.75668843058937]",-4.058299998179078,2.75668843058937
19,TCCCTTCTGCAGC,"[-4.369200002230704, 2.895681507425262]",-4.369200002230704,2.895681507425262
20,TCCCTTCTGCAGC,"[-4.524599996574223, 2.9998024608010794]",-4.524599996574223,2.9998024608010794
21,TCCCTTCTGCAGC,"[-4.792099995627999, 2.9162900380655583]",-4.792099995627999,2.9162900380655583
22,TCCCTTCTGCAGC,"[-5.0746000060215595, 3.0551423619790006]",-5.0746000060215595,3.0551423619790006
23,TCCCTTCTGCAGC,"[-5.192299999341369, 3.183081957350829]",-5.192299999341369,3.183081957350829
25,TCCCTTCTGCAGC,"[-6.204699998192489, 3.521103228397271]",-6.204699998192489,3.521103228397271
26,TCCCTTCTGCAGC,"[-6.336900000579655, 3.225078040389559]",-6.336900000579655,3.225078040389559
27,TCCCTTCTGCAGC,"[-6.536900008946657, 3.3080399782066]",-6.536900008946657,3.3080399782066
28,TCCCTTCTGCAGC,"[-6.779699997521937, 3.475085310785829]",-6.779699997521937,3.475085310785829
30,TCCCTTCTGCAGC,"[-7.165900003150106, 3.391743980310429]",-7.165900003150106,3.391743980310429
31,TCCCTTCTGCAGC,"[-7.325100008815527, 3.46120500164475]",-7.325100008815527,3.46120500164475
32,TCCCTTCTGCAGC,"[-7.90100001039356, 3.566659370604609]",-7.90100001039356,3.566659370604609
33,TCCCTTCTGCAGC,"[-7.953599997401238, 3.57363498855323]",-7.953599997401238,3.57363498855323
34,TCCCTTCTGCAGC,"[-8.352899995028972, 3.6362221622286452]",-8.352899995028972,3.6362221622286452
35,TCCCTTCTGCAGC,"[-8.589170005239547, 3.810810891731475]",-8.589170005239547,3.810810891731475
37,TCCCTTCTGCAGC,"[-9.2978000061512, 3.92057076874238]",-9.2978000061512,3.92057076874238
38,TCCCTTCTGCAGC,"[-9.31723999015987, 3.6945203149249615]",-9.31723999015987,3.6945203149249615
39,TCCCTTCTGCAGC,"[-9.62922000783682, 3.8669267596191514]",-9.62922000783682,3.8669267596191514
40,TCCCTTCTGCAGC,"[-9.724599994242192, 3.93719378007608]",-9.724599994242192,3.93719378007608
41,TCCCTTCTGCAGC,"[-10.189700010687114, 3.9433189000573394]",-10.189700010687114,3.9433189000573394
43,TCCCTTCTGCAGC,"[-10.837280005849898, 4.123106200128337]",-10.837280005849898,4.123106200128337
45,TCCCTTCTGCAGC,"[-11.351050006985664, 4.265399146906379]",-11.351050006985664,4.265399146906379
46,TCCCTTCTGCAGC,"[-11.340800009965896, 4.0842398951961405]",-11.340800009965896,4.0842398951961405
47,TCCCTTCTGCAGC,"[-11.754619998753071, 4.393046427806245]",-11.754619998753071,4.393046427806245
49,TCCCTTCTGCAGC,"[-12.334900009155273, 4.2673940606022756]",-12.334900009155273,4.2673940606022756
52,TCCCTTCTGCAGC,"[-13.420540014743805, 4.445598450169315]",-13.420540014743805,4.445598450169315
55,TCCCTTCTGCAGC,"[-14.235999988794326, 4.500462623524491]",-14.235999988794326,4.500462623524491
58,TCCCTTCTGCAGC,"[-15.09837000027299, 4.5676661459158066]",-15.09837000027299,4.5676661459158066
59,TCCCTTCTGCAGC,"[-15.05874000787735, 4.428663145393584]",-15.05874000787735,4.428663145393584
60,TCCCTTCTGCAGC,"[-15.197069993019104, 4.611871883466322]",-15.197069993019104,4.611871883466322
61,TCCCTTCTGCAGC,"[-15.917300013065338, 4.5889945105566525]",-15.917300013065338,4.5889945105566525
62,TCCCTTCTGCAGC,"[-16.230470032811166, 4.880102318903198]",-16.230470032811166,4.880102318903198
63,TCCCTTCTGCAGC,"[-16.260780010461808, 4.936311280583702]",-16.260780010461808,4.936311280583702
64,TCCCTTCTGCAGC,"[-16.460839993953705, 4.728350249353033]",-16.460839993953705,4.728350249353033
65,TCCCTTCTGCAGC,"[-16.86023999786377, 4.869786322628018]",-16.86023999786377,4.869786322628018
67,TCCCTTCTGCAGC,"[-17.426600025177002, 4.992405479776243]",-17.426600025177002,4.992405479776243
70,TCCCTTCTGCAGC,"[-18.273920013427734, 5.0065036704027195]",-18.273920013427734,5.0065036704027195
73,TCCCTTCTGCAGC,"[-19.515100015401842, 5.474301945180162]",-19.515100015401842,5.474301945180162
74,TCCCTTCTGCAGC,"[-19.583500013828278, 5.1372714285746115]",-19.583500013828278,5.1372714285746115
76,TCCCTTCTGCAGC,"[-19.92819998693466, 5.4481322501426055]",-19.92819998693466,5.4481322501426055
79,TCCCTTCTGCAGC,"[-20.691920030593874, 5.392316567053411]",-20.691920030593874,5.392316567053411
82,TCCCTTCTGCAGC,"[-21.666829975128174, 5.547845921779064]",-21.666829975128174,5.547845921779064
14,CAGACTGAGCACG,"[-3.254399997621775, 2.2535706406065437]",-3.254399997621775,2.2535706406065437
15,CAGACTGAGCACG,"[-3.452999996997416, 2.277452747036807]",-3.452999996997416,2.277452747036807
16,CAGACTGAGCACG,"[-3.8199000048190355, 2.540719197755562]",-3.8199000048190355,2.540719197755562
17,CAGACTGAGCACG,"[-3.947499992504716, 2.533900889799372]",-3.947499992504716,2.533900889799372
18,CAGACTGAGCACG,"[-4.38469999665767, 2.49597994721549]",-4.38469999665767,2.49597994721549
19,CAGACTGAGCACG,"[-4.5864000022932885, 2.6069896555300036]",-4.5864000022932885,2.6069896555300036
20,CAGACTGAGCACG,"[-4.804600012466311, 2.6417757101222277]",-4.804600012466311,2.6417757101222277
21,CAGACTGAGCACG,"[-5.090399998687207, 2.6742789465744203]",-5.090399998687207,2.6742789465744203
22,CAGACTGAGCACG,"[-5.313100004523992, 2.7411892331540426]",-5.313100004523992,2.7411892331540426
23,CAGACTGAGCACG,"[-5.544800003521145, 2.873028546329506]",-5.544800003521145,2.873028546329506
25,CAGACTGAGCACG,"[-6.265500003546476, 2.958219010114989]",-6.265500003546476,2.958219010114989
26,CAGACTGAGCACG,"[-6.566500010952353, 2.8761167859052734]",-6.566500010952353,2.8761167859052734
27,CAGACTGAGCACG,"[-6.8109000030606985, 3.009792553934442]",-6.8109000030606985,3.009792553934442
28,CAGACTGAGCACG,"[-7.10980000269413, 3.176791451435767]",-7.10980000269413,3.176791451435767
30,CAGACTGAGCACG,"[-7.458600008383393, 3.1721169654316355]",-7.458600008383393,3.1721169654316355
31,CAGACTGAGCACG,"[-7.720800002753735, 3.2399332396047114]",-7.720800002753735,3.2399332396047114
32,CAGACTGAGCACG,"[-8.095400012791156, 3.241548852795679]",-8.095400012791156,3.241548852795679
33,CAGACTGAGCACG,"[-8.228399994701148, 3.376695634981361]",-8.228399994701148,3.376695634981361
34,CAGACTGAGCACG,"[-8.675500004202128, 3.2986921285520743]",-8.675500004202128,3.2986921285520743
35,CAGACTGAGCACG,"[-8.968400005817413, 3.487698591480553]",-8.968400005817413,3.487698591480553
37,CAGACTGAGCACG,"[-9.457900007277727, 3.585007320854223]",-9.457900007277727,3.585007320854223
38,CAGACTGAGCACG,"[-9.601239998996258, 3.5359739795518217]",-9.601239998996258,3.5359739795518217
39,CAGACTGAGCACG,"[-9.697599995270371, 3.4999705889544623]",-9.697599995270371,3.4999705889544623
40,CAGACTGAGCACG,"[-9.946999993979931, 3.589249353750641]",-9.946999993979931,3.589249353750641
41,CAGACTGAGCACG,"[-10.343699998676778, 3.7894036714370953]",-10.343699998676778,3.7894036714370953
43,CAGACTGAGCACG,"[-11.20939999306202, 3.9153277793561783]",-11.20939999306202,3.9153277793561783
45,CAGACTGAGCACG,"[-11.691999994754791, 3.982702082431871]",-11.691999994754791,3.982702082431871
46,CAGACTGAGCACG,"[-11.719080024480819, 3.888767820640718]",-11.719080024480819,3.888767820640718
47,CAGACTGAGCACG,"[-12.020800021588803, 3.9005163025486898]",-12.020800021588803,3.9005163025486898
49,CAGACTGAGCACG,"[-12.696039998963474, 4.062038150138451]",-12.696039998963474,4.062038150138451
52,CAGACTGAGCACG,"[-13.574899999141692, 4.0519007821792465]",-13.574899999141692,4.0519007821792465
55,CAGACTGAGCACG,"[-14.198300008535385, 4.108969119158762]",-14.198300008535385,4.108969119158762
58,CAGACTGAGCACG,"[-15.219239991098643, 4.453280945480541]",-15.219239991098643,4.453280945480541
59,CAGACTGAGCACG,"[-15.325470021009446, 4.181048212199403]",-15.325470021009446,4.181048212199403
60,CAGACTGAGCACG,"[-15.464300010085106, 4.493875329551483]",-15.464300010085106,4.493875329551483
61,CAGACTGAGCACG,"[-16.183200004577635, 4.409909043305177]",-16.183200004577635,4.409909043305177
62,CAGACTGAGCACG,"[-16.31710000014305, 4.460089404054345]",-16.31710000014305,4.460089404054345
63,CAGACTGAGCACG,"[-16.58587000989914, 4.700278013190789]",-16.58587000989914,4.700278013190789
64,CAGACTGAGCACG,"[-16.746739983320236, 4.659200648243516]",-16.746739983320236,4.659200648243516
65,CAGACTGAGCACG,"[-17.36576998949051, 4.5758698910669064]",-17.36576998949051,4.5758698910669064
67,CAGACTGAGCACG,"[-17.680299993991852, 4.64292169778861]",-17.680299993991852,4.64292169778861
70,CAGACTGAGCACG,"[-18.45900000667572, 4.67113679460503]",-18.45900000667572,4.67113679460503
73,CAGACTGAGCACG,"[-19.64270000362396, 5.108783290975842]",-19.64270000362396,5.108783290975842
74,CAGACTGAGCACG,"[-19.838209997653962, 4.811565071879466]",-19.838209997653962,4.811565071879466
76,CAGACTGAGCACG,"[-20.031950037002563, 5.1381846587643505]",-20.031950037002563,5.1381846587643505
79,CAGACTGAGCACG,"[-20.960240000247957, 5.009645582983304]",-20.960240000247957,5.009645582983304
82,CAGACTGAGCACG,"[-21.834389979839326, 5.213058389766821]",-21.834389979839326,5.213058389766821
14,GTGCAGACTGTCA,"[-3.3478999952822925, 2.1891723519120645]",-3.3478999952822925,2.1891723519120645
15,GTGCAGACTGTCA,"[-3.434899998567998, 2.1436538891191144]",-3.434899998567998,2.1436538891191144
16,GTGCAGACTGTCA,"[-3.779999998822808, 2.3109132493933275]",-3.779999998822808,2.3109132493933275
17,GTGCAGACTGTCA,"[-3.9143999963179232, 2.303769222125248]",-3.9143999963179232,2.303769222125248
18,GTGCAGACTGTCA,"[-4.376399996124208, 2.494189854402625]",-4.376399996124208,2.494189854402625
19,GTGCAGACTGTCA,"[-4.603199994087219, 2.413725282827027]",-4.603199994087219,2.413725282827027
20,GTGCAGACTGTCA,"[-4.803000001691282, 2.5602248009114636]",-4.803000001691282,2.5602248009114636
21,GTGCAGACTGTCA,"[-5.075699997127056, 2.533894133137269]",-5.075699997127056,2.533894133137269
22,GTGCAGACTGTCA,"[-5.293699995428324, 2.6682335539795554]",-5.293699995428324,2.6682335539795554
23,GTGCAGACTGTCA,"[-5.5102000047564506, 2.8140639649287262]",-5.5102000047564506,2.8140639649287262
25,GTGCAGACTGTCA,"[-6.222499995253981, 2.7362207109779604]",-6.222499995253981,2.7362207109779604
26,GTGCAGACTGTCA,"[-6.4418000126332045, 2.807136053971518]",-6.4418000126332045,2.807136053971518
27,GTGCAGACTGTCA,"[-6.5365999956205485, 2.876769087633948]",-6.5365999956205485,2.876769087633948
28,GTGCAGACTGTCA,"[-6.934899998486042, 2.9487068249531365]",-6.934899998486042,2.9487068249531365
30,GTGCAGACTGTCA,"[-7.295599995315075, 2.997285542438274]",-7.295599995315075,2.997285542438274
31,GTGCAGACTGTCA,"[-7.748400010436773, 3.18543521655605]",-7.748400010436773,3.18543521655605
32,GTGCAGACTGTCA,"[-8.000900003008544, 3.0524071206997707]",-8.000900003008544,3.0524071206997707
33,GTGCAGACTGTCA,"[-8.156800009429455, 3.1830447527767523]",-8.156800009429455,3.1830447527767523
34,GTGCAGACTGTCA,"[-8.530699995040894, 3.2101631550695955]",-8.530699995040894,3.2101631550695955
35,GTGCAGACTGTCA,"[-8.798899995565414, 3.3001649569056677]",-8.798899995565414,3.3001649569056677
37,GTGCAGACTGTCA,"[-9.31094001364708, 3.4653825262411724]",-9.31094001364708,3.4653825262411724
38,GTGCAGACTGTCA,"[-9.581600003242492, 3.4052520414314555]",-9.581600003242492,3.4052520414314555
39,GTGCAGACTGTCA,"[-9.722199993610381, 3.4857462602838525]",-9.722199993610381,3.4857462602838525
40,GTGCAGACTGTCA,"[-10.01150000718236, 3.4009348401788895]",-10.01150000718236,3.4009348401788895
41,GTGCAGACTGTCA,"[-10.29620000910759, 3.526517476296024]",-10.29620000910759,3.526517476296024
43,GTGCAGACTGTCA,"[-11.041220003128052, 3.686031618366159]",-11.041220003128052,3.686031618366159
45,GTGCAGACTGTCA,"[-11.457889998316764, 3.7392853326283952]",-11.457889998316764,3.7392853326283952
46,GTGCAGACTGTCA,"[-11.536900003790855, 3.608784897387365]",-11.536900003790855,3.608784897387365
47,GTGCAGACTGTCA,"[-11.934580010414123, 3.8646873896747795]",-11.934580010414123,3.8646873896747795
49,GTGCAGACTGTCA,"[-12.557400003910065, 3.873502973537611]",-12.557400003910065,3.873502973537611
52,GTGCAGACTGTCA,"[-13.5428999979496, 3.982374855199129]",-13.5428999979496,3.982374855199129
55,GTGCAGACTGTCA,"[-14.14670999598503, 3.890625428342786]",-14.14670999598503,3.890625428342786
58,GTGCAGACTGTCA,"[-15.12300001335144, 4.226735273314699]",-15.12300001335144,4.226735273314699
59,GTGCAGACTGTCA,"[-15.140669988632203, 4.105909243691817]",-15.140669988632203,4.105909243691817
60,GTGCAGACTGTCA,"[-15.479279992818832, 4.255400297137463]",-15.479279992818832,4.255400297137463
61,GTGCAGACTGTCA,"[-16.072600004434584, 4.211767961481239]",-16.072600004434584,4.211767961481239
62,GTGCAGACTGTCA,"[-16.214200013637544, 4.33479392262656]",-16.214200013637544,4.33479392262656
63,GTGCAGACTGTCA,"[-16.412599987030028, 4.610681204197653]",-16.412599987030028,4.610681204197653
64,GTGCAGACTGTCA,"[-16.677369995355605, 4.320212063692645]",-16.677369995355605,4.320212063692645
65,GTGCAGACTGTCA,"[-16.960510004997253, 4.503752332384313]",-16.960510004997253,4.503752332384313
67,GTGCAGACTGTCA,"[-17.385100006103517, 4.549625027054845]",-17.385100006103517,4.549625027054845
70,GTGCAGACTGTCA,"[-18.456900006771086, 4.554588024095461]",-18.456900006771086,4.554588024095461
73,GTGCAGACTGTCA,"[-19.609899988174437, 5.060133608048497]",-19.609899988174437,5.060133608048497
74,GTGCAGACTGTCA,"[-19.673700008869172, 4.676201261739642]",-19.673700008869172,4.676201261739642
76,GTGCAGACTGTCA,"[-19.902369990348816, 5.013843151801118]",-19.902369990348816,5.013843151801118
79,GTGCAGACTGTCA,"[-20.819409995555876, 4.977523451102318]",-20.819409995555876,4.977523451102318
82,GTGCAGACTGTCA,"[-21.74216000699997, 5.250110752854699]",-21.74216000699997,5.250110752854699
14,CCGAGCAGAAGAA,"[-2.4272000050917266, 2.1315863068885528]",-2.4272000050917266,2.1315863068885528
15,CCGAGCAGAAGAA,"[-2.62559999936074, 2.096622200210512]",-2.62559999936074,2.096622200210512
16,CCGAGCAGAAGAA,"[-2.865799998894334, 2.220808490678687]",-2.865799998894334,2.220808490678687
17,CCGAGCAGAAGAA,"[-2.9833999931514263, 2.270600010842984]",-2.9833999931514263,2.270600010842984
18,CCGAGCAGAAGAA,"[-3.2708000026941297, 2.2384966874414385]",-3.2708000026941297,2.2384966874414385
19,CCGAGCAGAAGAA,"[-3.442700003579259, 2.3297482138352628]",-3.442700003579259,2.3297482138352628
20,CCGAGCAGAAGAA,"[-3.5653999997824433, 2.3363439052173374]",-3.5653999997824433,2.3363439052173374
21,CCGAGCAGAAGAA,"[-3.926099990144372, 2.4365321131136466]",-3.926099990144372,2.4365321131136466
22,CCGAGCAGAAGAA,"[-4.000300004102289, 2.4869358558665704]",-4.000300004102289,2.4869358558665704
23,CCGAGCAGAAGAA,"[-4.328100005500018, 2.5050709395117]",-4.328100005500018,2.5050709395117
25,CCGAGCAGAAGAA,"[-5.099200001478195, 2.8454418584612906]",-5.099200001478195,2.8454418584612906
26,CCGAGCAGAAGAA,"[-5.2195999977216125, 2.7154844474749797]",-5.2195999977216125,2.7154844474749797
27,CCGAGCAGAAGAA,"[-5.554600002378225, 2.777361851941686]",-5.554600002378225,2.777361851941686
28,CCGAGCAGAAGAA,"[-5.679999999016523, 2.9210169465052545]",-5.679999999016523,2.9210169465052545
30,CCGAGCAGAAGAA,"[-6.1362700014859435, 2.853411545803676]",-6.1362700014859435,2.853411545803676
31,CCGAGCAGAAGAA,"[-6.460200004458428, 3.0537085563745734]",-6.460200004458428,3.0537085563745734
32,CCGAGCAGAAGAA,"[-6.651099998265505, 3.0570048727746726]",-6.651099998265505,3.0570048727746726
33,CCGAGCAGAAGAA,"[-6.950839994780719, 3.0820650366598614]",-6.950839994780719,3.0820650366598614
34,CCGAGCAGAAGAA,"[-7.305000004895032, 3.1130363102050347]",-7.305000004895032,3.1130363102050347
35,CCGAGCAGAAGAA,"[-7.531939998105169, 3.152291136165958]",-7.531939998105169,3.152291136165958
37,CCGAGCAGAAGAA,"[-8.16984002365172, 3.40279298510143]",-8.16984002365172,3.40279298510143
38,CCGAGCAGAAGAA,"[-8.194270000293852, 3.274153639647817]",-8.194270000293852,3.274153639647817
39,CCGAGCAGAAGAA,"[-8.538200001209974, 3.3819256036303376]",-8.538200001209974,3.3819256036303376
40,CCGAGCAGAAGAA,"[-8.785199999272823, 3.442653176171625]",-8.785199999272823,3.442653176171625
41,CCGAGCAGAAGAA,"[-8.98940998697281, 3.568514520478773]",-8.98940998697281,3.568514520478773
43,CCGAGCAGAAGAA,"[-9.795500005722046, 3.7786915400579817]",-9.795500005722046,3.7786915400579817
45,CCGAGCAGAAGAA,"[-10.210970014452935, 3.6976120103273593]",-10.210970014452935,3.6976120103273593
46,CCGAGCAGAAGAA,"[-10.293239997029305, 3.605336568655639]",-10.293239997029305,3.605336568655639
47,CCGAGCAGAAGAA,"[-10.79051001882553, 3.793400640273658]",-10.79051001882553,3.793400640273658
49,CCGAGCAGAAGAA,"[-11.36350002026558, 3.88217436308409]",-11.36350002026558,3.88217436308409
52,CCGAGCAGAAGAA,"[-12.19429999423027, 3.8586782008099547]",-12.19429999423027,3.8586782008099547
55,CCGAGCAGAAGAA,"[-12.82650001192093, 3.979418027685821]",-12.82650001192093,3.979418027685821
58,CCGAGCAGAAGAA,"[-13.869869991600513, 4.24851183948905]",-13.869869991600513,4.24851183948905
59,CCGAGCAGAAGAA,"[-13.827599992275237, 4.085040774534519]",-13.827599992275237,4.085040774534519
60,CCGAGCAGAAGAA,"[-14.200200017690658, 4.284527965927347]",-14.200200017690658,4.284527965927347
61,CCGAGCAGAAGAA,"[-14.878070002555846, 4.15501625223061]",-14.878070002555846,4.15501625223061
62,CCGAGCAGAAGAA,"[-15.012650004625321, 4.401358036612828]",-15.012650004625321,4.401358036612828
63,CCGAGCAGAAGAA,"[-15.17199998807907, 4.477853946216435]",-15.17199998807907,4.477853946216435
64,CCGAGCAGAAGAA,"[-15.26514000403881, 4.297005520719701]",-15.26514000403881,4.297005520719701
65,CCGAGCAGAAGAA,"[-15.766159989833831, 4.382787873868526]",-15.766159989833831,4.382787873868526
67,CCGAGCAGAAGAA,"[-16.232310001373293, 4.46437655579205]",-16.232310001373293,4.46437655579205
70,CCGAGCAGAAGAA,"[-17.162880020618438, 4.560249695058818]",-17.162880020618438,4.560249695058818
73,CCGAGCAGAAGAA,"[-18.318769999742507, 5.103285476508985]",-18.318769999742507,5.103285476508985
74,CCGAGCAGAAGAA,"[-18.29656998682022, 4.6485489059813485]",-18.29656998682022,4.6485489059813485
76,CCGAGCAGAAGAA,"[-18.61981001853943, 4.9044341246236804]",-18.61981001853943,4.9044341246236804
79,CCGAGCAGAAGAA,"[-19.602440004348754, 4.828446092079615]",-19.602440004348754,4.828446092079615
82,CCGAGCAGAAGAA,"[-20.5550999789238, 5.130369770611641]",-20.5550999789238,5.130369770611641
14,TTCTCGCAGCTCA,"[-2.9989000035747884, 2.5173296969020225]",-2.9989000035747884,2.5173296969020225
15,TTCTCGCAGCTCA,"[-3.138299996383488, 2.5464766089959783]",-3.138299996383488,2.5464766089959783
16,TTCTCGCAGCTCA,"[-3.4779000041484833, 2.553887556002147]",-3.4779000041484833,2.553887556002147
17,TTCTCGCAGCTCA,"[-3.5113000027760863, 2.5483450147275875]",-3.5113000027760863,2.5483450147275875
18,TTCTCGCAGCTCA,"[-3.984799994945526, 2.5704608401267626]",-3.984799994945526,2.5704608401267626
19,TTCTCGCAGCTCA,"[-4.0509000026136635, 2.7382949534433982]",-4.0509000026136635,2.7382949534433982
20,TTCTCGCAGCTCA,"[-4.393500001691282, 2.8219723196547077]",-4.393500001691282,2.8219723196547077
21,TTCTCGCAGCTCA,"[-4.584899996735156, 2.7311137007732142]",-4.584899996735156,2.7311137007732142
22,TTCTCGCAGCTCA,"[-4.7438000029847025, 2.8858173240535616]",-4.7438000029847025,2.8858173240535616
23,TTCTCGCAGCTCA,"[-4.924399990864098, 3.0251916701814374]",-4.924399990864098,3.0251916701814374
25,TTCTCGCAGCTCA,"[-5.846200000613928, 3.154312214284533]",-5.846200000613928,3.154312214284533
26,TTCTCGCAGCTCA,"[-6.082300005406141, 3.0433890197280595]",-6.082300005406141,3.0433890197280595
27,TTCTCGCAGCTCA,"[-6.152899999000132, 3.1685882659711972]",-6.152899999000132,3.1685882659711972
28,TTCTCGCAGCTCA,"[-6.488500005841255, 3.331930028419024]",-6.488500005841255,3.331930028419024
30,TTCTCGCAGCTCA,"[-6.850700006693602, 3.379269093042732]",-6.850700006693602,3.379269093042732
31,TTCTCGCAGCTCA,"[-7.187680010832846, 3.4233827732167272]",-7.187680010832846,3.4233827732167272
32,TTCTCGCAGCTCA,"[-7.479200009055436, 3.373915746335671]",-7.479200009055436,3.373915746335671
33,TTCTCGCAGCTCA,"[-7.597000003904104, 3.440748626702696]",-7.597000003904104,3.440748626702696
34,TTCTCGCAGCTCA,"[-8.02789999885112, 3.4473426754414267]",-8.02789999885112,3.4473426754414267
35,TTCTCGCAGCTCA,"[-8.286449996381998, 3.6601091352348623]",-8.286449996381998,3.6601091352348623
37,TTCTCGCAGCTCA,"[-8.953599992334842, 3.7367348019170605]",-8.953599992334842,3.7367348019170605
38,TTCTCGCAGCTCA,"[-8.952140010416509, 3.5852170266377934]",-8.952140010416509,3.5852170266377934
39,TTCTCGCAGCTCA,"[-9.298400002539157, 3.7321277211113544]",-9.298400002539157,3.7321277211113544
40,TTCTCGCAGCTCA,"[-9.411070000737906, 3.8318849648820317]",-9.411070000737906,3.8318849648820317
41,TTCTCGCAGCTCA,"[-9.820159986913204, 3.9835436636868824]",-9.820159986913204,3.9835436636868824
43,TTCTCGCAGCTCA,"[-10.456769996434451, 4.012392812981303]",-10.456769996434451,4.012392812981303
45,TTCTCGCAGCTCA,"[-10.95438000458479, 3.9747877750908422]",-10.95438000458479,3.9747877750908422
46,TTCTCGCAGCTCA,"[-10.923799993991851, 3.836622676954495]",-10.923799993991851,3.836622676954495
47,TTCTCGCAGCTCA,"[-11.398439997345209, 4.160840575131439]",-11.398439997345209,4.160840575131439
49,TTCTCGCAGCTCA,"[-12.066370006561279, 4.131653635738178]",-12.066370006561279,4.131653635738178
52,TTCTCGCAGCTCA,"[-12.931900010049343, 4.341920364767453]",-12.931900010049343,4.341920364767453
55,TTCTCGCAGCTCA,"[-13.81469999229908, 4.317088582889676]",-13.81469999229908,4.317088582889676
58,TTCTCGCAGCTCA,"[-14.570640003204346, 4.521086974824849]",-14.570640003204346,4.521086974824849
59,TTCTCGCAGCTCA,"[-14.548669995307922, 4.343601276761012]",-14.548669995307922,4.343601276761012
60,TTCTCGCAGCTCA,"[-14.85690998995304, 4.5598937917252185]",-14.85690998995304,4.5598937917252185
61,TTCTCGCAGCTCA,"[-15.499000015974044, 4.5914898589363675]",-15.499000015974044,4.5914898589363675
62,TTCTCGCAGCTCA,"[-15.77801000738144, 4.643866553982685]",-15.77801000738144,4.643866553982685
63,TTCTCGCAGCTCA,"[-15.812200012922286, 4.881869636784478]",-15.812200012922286,4.881869636784478
64,TTCTCGCAGCTCA,"[-16.122010004758835, 4.585884221579636]",-16.122010004758835,4.585884221579636
65,TTCTCGCAGCTCA,"[-16.484839970111846, 4.698074010411381]",-16.484839970111846,4.698074010411381
67,TTCTCGCAGCTCA,"[-16.9410999917984, 4.77638994152398]",-16.9410999917984,4.77638994152398
70,TTCTCGCAGCTCA,"[-17.87149997520447, 4.835477001164505]",-17.87149997520447,4.835477001164505
73,TTCTCGCAGCTCA,"[-19.074800008296968, 5.306321221447265]",-19.074800008296968,5.306321221447265
74,TTCTCGCAGCTCA,"[-19.17387999677658, 5.045967192173318]",-19.17387999677658,5.045967192173318
76,TTCTCGCAGCTCA,"[-19.400099998950957, 5.204654649867746]",-19.400099998950957,5.204654649867746
79,TTCTCGCAGCTCA,"[-20.378310003757477, 5.25775144811269]",-20.378310003757477,5.25775144811269
82,TTCTCGCAGCTCA,"[-21.17411001110077, 5.375376936098341]",-21.17411001110077,5.375376936098341
14,ATTGCCTGGAGGA,"[-4.109500004895032, 2.473345871782681]",-4.109500004895032,2.473345871782681
15,ATTGCCTGGAGGA,"[-4.448800003878772, 2.598406933870369]",-4.448800003878772,2.598406933870369
16,ATTGCCTGGAGGA,"[-4.773499998316169, 2.5775817656218836]",-4.773499998316169,2.5775817656218836
17,ATTGCCTGGAGGA,"[-4.931699991405011, 2.7152799273272166]",-4.931699991405011,2.7152799273272166
18,ATTGCCTGGAGGA,"[-5.238499999299646, 2.5162169570958524]",-5.238499999299646,2.5162169570958524
19,ATTGCCTGGAGGA,"[-5.558999996751547, 2.7647674387566665]",-5.558999996751547,2.7647674387566665
20,ATTGCCTGGAGGA,"[-5.704000001557171, 2.7111554774897204]",-5.704000001557171,2.7111554774897204
21,ATTGCCTGGAGGA,"[-5.964900003969669, 2.688493638609393]",-5.964900003969669,2.688493638609393
22,ATTGCCTGGAGGA,"[-6.182900000825525, 2.7604705473653137]",-6.182900000825525,2.7604705473653137
23,ATTGCCTGGAGGA,"[-6.551699994340539, 3.0184527672407513]",-6.551699994340539,3.0184527672407513
25,ATTGCCTGGAGGA,"[-7.179800007998943, 2.9767955926892395]",-7.179800007998943,2.9767955926892395
26,ATTGCCTGGAGGA,"[-7.395400000847876, 2.9869279919233716]",-7.395400000847876,2.9869279919233716
27,ATTGCCTGGAGGA,"[-7.757099999941885, 3.0807904244800457]",-7.757099999941885,3.0807904244800457
28,ATTGCCTGGAGGA,"[-8.004699996143579, 3.1021908175796407]",-8.004699996143579,3.1021908175796407
30,ATTGCCTGGAGGA,"[-8.34410000962019, 3.1698935814538958]",-8.34410000962019,3.1698935814538958
31,ATTGCCTGGAGGA,"[-8.704400001764297, 3.387051914750893]",-8.704400001764297,3.387051914750893
32,ATTGCCTGGAGGA,"[-8.936299995183944, 3.142497754601812]",-8.936299995183944,3.142497754601812
33,ATTGCCTGGAGGA,"[-9.116800006270408, 3.123228744753887]",-9.116800006270408,3.123228744753887
34,ATTGCCTGGAGGA,"[-9.682100010037422, 3.320977214808827]",-9.682100010037422,3.320977214808827
35,ATTGCCTGGAGGA,"[-9.977200001120567, 3.484187165391879]",-9.977200001120567,3.484187165391879
37,ATTGCCTGGAGGA,"[-10.469000014543534, 3.443137958340827]",-10.469000014543534,3.443137958340827
38,ATTGCCTGGAGGA,"[-10.549100011229514, 3.407324352767004]",-10.549100011229514,3.407324352767004
39,ATTGCCTGGAGGA,"[-10.880500002026558, 3.6023034001568033]",-10.880500002026558,3.6023034001568033
40,ATTGCCTGGAGGA,"[-11.00419999742508, 3.6333458745438003]",-11.00419999742508,3.6333458745438003
41,ATTGCCTGGAGGA,"[-11.409599987387658, 3.648937880012754]",-11.409599987387658,3.648937880012754
43,ATTGCCTGGAGGA,"[-12.037200015306473, 3.7608398169014596]",-12.037200015306473,3.7608398169014596
45,ATTGCCTGGAGGA,"[-12.635800002336502, 3.9440966283918946]",-12.635800002336502,3.9440966283918946
46,ATTGCCTGGAGGA,"[-12.69485000348091, 3.77761899916851]",-12.69485000348091,3.77761899916851
47,ATTGCCTGGAGGA,"[-13.126539987564087, 4.075501302328575]",-13.126539987564087,4.075501302328575
49,ATTGCCTGGAGGA,"[-13.772739983797074, 4.021717074453534]",-13.772739983797074,4.021717074453534
52,ATTGCCTGGAGGA,"[-14.518700006246567, 3.852648484485029]",-14.518700006246567,3.852648484485029
55,ATTGCCTGGAGGA,"[-15.291200008392334, 4.063164135123439]",-15.291200008392334,4.063164135123439
58,ATTGCCTGGAGGA,"[-16.220800020217897, 4.300398519170603]",-16.220800020217897,4.300398519170603
59,ATTGCCTGGAGGA,"[-16.453599991321564, 4.136627486983458]",-16.453599991321564,4.136627486983458
60,ATTGCCTGGAGGA,"[-16.704700011730193, 4.363233669910827]",-16.704700011730193,4.363233669910827
61,ATTGCCTGGAGGA,"[-17.211300036907197, 4.197194590464624]",-17.211300036907197,4.197194590464624
62,ATTGCCTGGAGGA,"[-17.402140016555787, 4.514886834321927]",-17.402140016555787,4.514886834321927
63,ATTGCCTGGAGGA,"[-17.805500009536743, 4.631176925863764]",-17.805500009536743,4.631176925863764
64,ATTGCCTGGAGGA,"[-17.798799997091294, 4.286410922986276]",-17.798799997091294,4.286410922986276
65,ATTGCCTGGAGGA,"[-18.327769995212556, 4.462644925592477]",-18.327769995212556,4.462644925592477
67,ATTGCCTGGAGGA,"[-18.79667999458313, 4.687130473093589]",-18.79667999458313,4.687130473093589
70,ATTGCCTGGAGGA,"[-19.646799994945525, 4.753679615353116]",-19.646799994945525,4.753679615353116
73,ATTGCCTGGAGGA,"[-20.935400007247924, 5.049081784605948]",-20.935400007247924,5.049081784605948
74,ATTGCCTGGAGGA,"[-20.885020008087157, 4.902697705695776]",-20.885020008087157,4.902697705695776
76,ATTGCCTGGAGGA,"[-21.082169981002806, 5.000150258186434]",-21.082169981002806,5.000150258186434
79,ATTGCCTGGAGGA,"[-22.091169978141785, 4.943136327942228]",-22.091169978141785,4.943136327942228
82,ATTGCCTGGAGGA,"[-23.07899999809265, 5.199574878956118]",-23.07899999809265,5.199574878956118
14,TCTCCGCCGCCCG,"[-3.9835999917611478, 3.2117831558775225]",-3.9835999917611478,3.2117831558775225
15,TCTCCGCCGCCCG,"[-4.04599999846518, 3.153899816304881]",-4.04599999846518,3.153899816304881
16,TCTCCGCCGCCCG,"[-4.445900003515184, 3.3457888789359234]",-4.445900003515184,3.3457888789359234
17,TCTCCGCCGCCCG,"[-4.5626999953091145, 3.4280459038577873]",-4.5626999953091145,3.4280459038577873
18,TCTCCGCCGCCCG,"[-5.059399995416403, 3.470511724349386]",-5.059399995416403,3.470511724349386
19,TCTCCGCCGCCCG,"[-5.130799993425608, 3.638754099234702]",-5.130799993425608,3.638754099234702
20,TCTCCGCCGCCCG,"[-5.364899996742606, 3.6527822236583245]",-5.364899996742606,3.6527822236583245
21,TCTCCGCCGCCCG,"[-5.787199995614588, 3.6396340554639437]",-5.787199995614588,3.6396340554639437
22,TCTCCGCCGCCCG,"[-5.922899995908141, 3.713933978973696]",-5.922899995908141,3.713933978973696
23,TCTCCGCCGCCCG,"[-6.14860000705719, 3.779510293773856]",-6.14860000705719,3.779510293773856
25,TCTCCGCCGCCCG,"[-6.912399989247322, 3.8892552233402733]",-6.912399989247322,3.8892552233402733
26,TCTCCGCCGCCCG,"[-7.427199994184077, 4.082758878624961]",-7.427199994184077,4.082758878624961
27,TCTCCGCCGCCCG,"[-7.4800000035390255, 4.09981463916893]",-7.4800000035390255,4.09981463916893
28,TCTCCGCCGCCCG,"[-7.785500006169081, 4.158562228271569]",-7.785500006169081,4.158562228271569
30,TCTCCGCCGCCCG,"[-8.123900011576712, 4.209054386019545]",-8.123900011576712,4.209054386019545
31,TCTCCGCCGCCCG,"[-8.219299993820488, 4.122156890582921]",-8.219299993820488,4.122156890582921
32,TCTCCGCCGCCCG,"[-8.799600003905594, 4.298404341676115]",-8.799600003905594,4.298404341676115
33,TCTCCGCCGCCCG,"[-8.908269995898008, 4.212005282059501]",-8.908269995898008,4.212005282059501
34,TCTCCGCCGCCCG,"[-9.426400013804436, 4.364326209046926]",-9.426400013804436,4.364326209046926
35,TCTCCGCCGCCCG,"[-9.636000005632638, 4.3650365246300815]",-9.636000005632638,4.3650365246300815
37,TCTCCGCCGCCCG,"[-10.301839986763895, 4.539426863024117]",-10.301839986763895,4.539426863024117
38,TCTCCGCCGCCCG,"[-10.208700002349913, 4.491598191740542]",-10.208700002349913,4.491598191740542
39,TCTCCGCCGCCCG,"[-10.667600009307264, 4.488346052542027]",-10.667600009307264,4.488346052542027
40,TCTCCGCCGCCCG,"[-10.808849994152784, 4.483982320147139]",-10.808849994152784,4.483982320147139
41,TCTCCGCCGCCCG,"[-11.144080014884471, 4.68719492096129]",-11.144080014884471,4.68719492096129
43,TCTCCGCCGCCCG,"[-11.829939989224076, 4.755133345680341]",-11.829939989224076,4.755133345680341
45,TCTCCGCCGCCCG,"[-12.36370000398159, 4.817141508173147]",-12.36370000398159,4.817141508173147
46,TCTCCGCCGCCCG,"[-12.297780008494854, 4.751609465133194]",-12.297780008494854,4.751609465133194
47,TCTCCGCCGCCCG,"[-12.78057998406887, 4.883451972476675]",-12.78057998406887,4.883451972476675
49,TCTCCGCCGCCCG,"[-13.47357001465559, 4.953874490825144]",-13.47357001465559,4.953874490825144
52,TCTCCGCCGCCCG,"[-14.328910002708435, 4.994616335536897]",-14.328910002708435,4.994616335536897
55,TCTCCGCCGCCCG,"[-14.931489979624748, 4.936693244815908]",-14.931489979624748,4.936693244815908
58,TCTCCGCCGCCCG,"[-16.00259001606703, 5.351111207546178]",-16.00259001606703,5.351111207546178
59,TCTCCGCCGCCCG,"[-15.898699998497962, 4.9877016946979795]",-15.898699998497962,4.9877016946979795
60,TCTCCGCCGCCCG,"[-16.12382002186775, 5.2409480827516655]",-16.12382002186775,5.2409480827516655
61,TCTCCGCCGCCCG,"[-16.96600000524521, 5.2246573028538945]",-16.96600000524521,5.2246573028538945
62,TCTCCGCCGCCCG,"[-17.084600009679793, 5.243565863165805]",-17.084600009679793,5.243565863165805
63,TCTCCGCCGCCCG,"[-17.323939991235733, 5.4483570296227395]",-17.323939991235733,5.4483570296227395
64,TCTCCGCCGCCCG,"[-17.483009996414186, 5.353081155676965]",-17.483009996414186,5.353081155676965
65,TCTCCGCCGCCCG,"[-18.00986999464035, 5.348131232988394]",-18.00986999464035,5.348131232988394
67,TCTCCGCCGCCCG,"[-18.525070011615753, 5.52090918364495]",-18.525070011615753,5.52090918364495
70,TCTCCGCCGCCCG,"[-19.405100014686585, 5.542288714040321]",-19.405100014686585,5.542288714040321
73,TCTCCGCCGCCCG,"[-20.6393199672699, 5.784562902071269]",-20.6393199672699,5.784562902071269
74,TCTCCGCCGCCCG,"[-20.730880008220673, 5.7388376680232]",-20.730880008220673,5.7388376680232
76,TCTCCGCCGCCCG,"[-20.867189993858336, 5.814717668812343]",-20.867189993858336,5.814717668812343
79,TCTCCGCCGCCCG,"[-21.783950005054475, 5.896240668868009]",-21.783950005054475,5.896240668868009
82,TCTCCGCCGCCCG,"[-22.654480020046233, 6.115466253767099]",-22.654480020046233,6.115466253767099
14,TCTTAGTCATTAC,"[-1.7257000008001924, 1.6384045644883298]",-1.7257000008001924,1.6384045644883298
15,TCTTAGTCATTAC,"[-1.803899999961257, 1.7037472795095956]",-1.803899999961257,1.7037472795095956
16,TCTTAGTCATTAC,"[-2.17219999935478, 1.8685253961686157]",-2.17219999935478,1.8685253961686157
17,TCTTAGTCATTAC,"[-2.2471999984383584, 1.9395700952688306]",-2.2471999984383584,1.9395700952688306
18,TCTTAGTCATTAC,"[-2.601399995483458, 2.0359268162208277]",-2.601399995483458,2.0359268162208277
19,TCTTAGTCATTAC,"[-2.719299993790686, 2.0948979647585295]",-2.719299993790686,2.0948979647585295
20,TCTTAGTCATTAC,"[-2.9372999992594124, 2.192199514422164]",-2.9372999992594124,2.192199514422164
21,TCTTAGTCATTAC,"[-3.250399997442961, 2.2415931487988217]",-3.250399997442961,2.2415931487988217
22,TCTTAGTCATTAC,"[-3.3909000008255243, 2.3701027881501497]",-3.3909000008255243,2.3701027881501497
23,TCTTAGTCATTAC,"[-3.6304000008925796, 2.4502481163158962]",-3.6304000008925796,2.4502481163158962
25,TCTTAGTCATTAC,"[-4.296100001983344, 2.6776547231038705]",-4.296100001983344,2.6776547231038705
26,TCTTAGTCATTAC,"[-4.563100004583597, 2.7312247171598756]",-4.563100004583597,2.7312247171598756
27,TCTTAGTCATTAC,"[-4.69100000794977, 2.7469654270164194]",-4.69100000794977,2.7469654270164194
28,TCTTAGTCATTAC,"[-5.033500004380941, 2.8013189402952374]",-5.033500004380941,2.8013189402952374
30,TCTTAGTCATTAC,"[-5.3634000110179185, 2.882391453909058]",-5.3634000110179185,2.882391453909058
31,TCTTAGTCATTAC,"[-5.586400002188981, 2.8880780941879256]",-5.586400002188981,2.8880780941879256
32,TCTTAGTCATTAC,"[-6.120200003482402, 2.9120185379190873]",-6.120200003482402,2.9120185379190873
33,TCTTAGTCATTAC,"[-6.263800017222762, 2.977157980487601]",-6.263800017222762,2.977157980487601
34,TCTTAGTCATTAC,"[-6.55990001025796, 3.1429352680770006]",-6.55990001025796,3.1429352680770006
35,TCTTAGTCATTAC,"[-6.843999999761581, 3.273057282953907]",-6.843999999761581,3.273057282953907
37,TCTTAGTCATTAC,"[-7.391300001718104, 3.3546854367724497]",-7.391300001718104,3.3546854367724497
38,TCTTAGTCATTAC,"[-7.459700016438961, 3.3067425075797177]",-7.459700016438961,3.3067425075797177
39,TCTTAGTCATTAC,"[-7.853399997122586, 3.3347816182429395]",-7.853399997122586,3.3347816182429395
40,TCTTAGTCATTAC,"[-8.003840000748635, 3.4168024327510453]",-8.003840000748635,3.4168024327510453
41,TCTTAGTCATTAC,"[-8.327440008260309, 3.5014803502907315]",-8.327440008260309,3.5014803502907315
43,TCTTAGTCATTAC,"[-8.982900012172758, 3.629663567081342]",-8.982900012172758,3.629663567081342
45,TCTTAGTCATTAC,"[-9.421599999427796, 3.708715875492395]",-9.421599999427796,3.708715875492395
46,TCTTAGTCATTAC,"[-9.579200011879205, 3.579590388343419]",-9.579200011879205,3.579590388343419
47,TCTTAGTCATTAC,"[-9.926940007448197, 3.713310356800721]",-9.926940007448197,3.713310356800721
49,TCTTAGTCATTAC,"[-10.556320001065732, 3.8321781678590514]",-10.556320001065732,3.8321781678590514
52,TCTTAGTCATTAC,"[-11.458540006101131, 3.8787978495425763]",-11.458540006101131,3.8787978495425763
55,TCTTAGTCATTAC,"[-12.07285000360012, 3.8999942753538916]",-12.07285000360012,3.8999942753538916
58,TCTTAGTCATTAC,"[-12.971039985686541, 4.15829277807092]",-12.971039985686541,4.15829277807092
59,TCTTAGTCATTAC,"[-13.071550016403199, 4.057923115191846]",-13.071550016403199,4.057923115191846
60,TCTTAGTCATTAC,"[-13.322700010597705, 4.329568217813029]",-13.322700010597705,4.329568217813029
61,TCTTAGTCATTAC,"[-13.972899987459183, 4.147171987943891]",-13.972899987459183,4.147171987943891
62,TCTTAGTCATTAC,"[-14.137040005505085, 4.423373561853532]",-14.137040005505085,4.423373561853532
63,TCTTAGTCATTAC,"[-14.314800005912781, 4.452022109715124]",-14.314800005912781,4.452022109715124
64,TCTTAGTCATTAC,"[-14.583100002288818, 4.384486784181952]",-14.583100002288818,4.384486784181952
65,TCTTAGTCATTAC,"[-14.885870003938676, 4.542738085401168]",-14.885870003938676,4.542738085401168
67,TCTTAGTCATTAC,"[-15.339999984145164, 4.5074848646168135]",-15.339999984145164,4.5074848646168135
70,TCTTAGTCATTAC,"[-16.2567999792099, 4.6061321760185985]",-16.2567999792099,4.6061321760185985
73,TCTTAGTCATTAC,"[-17.472899983882904, 5.018431597237129]",-17.472899983882904,5.018431597237129
74,TCTTAGTCATTAC,"[-17.536000006198883, 4.718021192513191]",-17.536000006198883,4.718021192513191
76,TCTTAGTCATTAC,"[-17.791499990463258, 4.90153829197247]",-17.791499990463258,4.90153829197247
79,TCTTAGTCATTAC,"[-18.708649980545044, 4.878930946384673]",-18.708649980545044,4.878930946384673
82,TCTTAGTCATTAC,"[-19.572440014123917, 5.1901547274510325]",-19.572440014123917,5.1901547274510325
14,CGGGTCACTGCCA,"[-4.4006000105142595, 2.3324707189685454]",-4.4006000105142595,2.3324707189685454
15,CGGGTCACTGCCA,"[-4.498600007891655, 2.3319472631688294]",-4.498600007891655,2.3319472631688294
16,CGGGTCACTGCCA,"[-4.938999999284745, 2.5591715421248784]",-4.938999999284745,2.5591715421248784
17,CGGGTCACTGCCA,"[-5.027300003170967, 2.5554539109634855]",-5.027300003170967,2.5554539109634855
18,CGGGTCACTGCCA,"[-5.5788000005483624, 2.7840026106849516]",-5.5788000005483624,2.7840026106849516
19,CGGGTCACTGCCA,"[-5.650900006651878, 2.6469905903512445]",-5.650900006651878,2.6469905903512445
20,CGGGTCACTGCCA,"[-5.863700008034706, 2.7699769476338014]",-5.863700008034706,2.7699769476338014
21,CGGGTCACTGCCA,"[-6.136700012922287, 2.8070417116461157]",-6.136700012922287,2.8070417116461157
22,CGGGTCACTGCCA,"[-6.254500003933907, 2.83090440304356]",-6.254500003933907,2.83090440304356
23,CGGGTCACTGCCA,"[-6.591900000452996, 3.091210838272093]",-6.591900000452996,3.091210838272093
25,CGGGTCACTGCCA,"[-7.343699994564056, 3.0998097142372187]",-7.343699994564056,3.0998097142372187
26,CGGGTCACTGCCA,"[-7.4945000029802324, 3.0636056680195716]",-7.4945000029802324,3.0636056680195716
27,CGGGTCACTGCCA,"[-7.656599999547005, 3.159094233755584]",-7.656599999547005,3.159094233755584
28,CGGGTCACTGCCA,"[-8.130800013184547, 3.1570003797935673]",-8.130800013184547,3.1570003797935673
30,CGGGTCACTGCCA,"[-8.426899994850158, 3.1890259193750214]",-8.426899994850158,3.1890259193750214
31,CGGGTCACTGCCA,"[-8.689299995660782, 3.415522734767185]",-8.689299995660782,3.415522734767185
32,CGGGTCACTGCCA,"[-9.137349996566773, 3.3719819442747014]",-9.137349996566773,3.3719819442747014
33,CGGGTCACTGCCA,"[-9.350299995899201, 3.4712389616566903]",-9.350299995899201,3.4712389616566903
34,CGGGTCACTGCCA,"[-9.718000011205673, 3.4384205684219777]",-9.718000011205673,3.4384205684219777
35,CGGGTCACTGCCA,"[-9.954400003552436, 3.6230567902121775]",-9.954400003552436,3.6230567902121775
37,CGGGTCACTGCCA,"[-10.499300001382828, 3.6314748397185435]",-10.499300001382828,3.6314748397185435
38,CGGGTCACTGCCA,"[-10.63186999464035, 3.617392592946512]",-10.63186999464035,3.617392592946512
39,CGGGTCACTGCCA,"[-10.788100007772446, 3.572176988565922]",-10.788100007772446,3.572176988565922
40,CGGGTCACTGCCA,"[-10.999380013465881, 3.7609749000154213]",-10.999380013465881,3.7609749000154213
41,CGGGTCACTGCCA,"[-11.396499998569489, 3.8332254943168325]",-11.396499998569489,3.8332254943168325
43,CGGGTCACTGCCA,"[-12.115700016498566, 3.9340111507705546]",-12.115700016498566,3.9340111507705546
45,CGGGTCACTGCCA,"[-12.686309989213944, 4.147347944319188]",-12.686309989213944,4.147347944319188
46,CGGGTCACTGCCA,"[-12.697869985580445, 3.859952896998755]",-12.697869985580445,3.859952896998755
47,CGGGTCACTGCCA,"[-13.011440004825593, 4.045499087875506]",-13.011440004825593,4.045499087875506
49,CGGGTCACTGCCA,"[-13.61477000784874, 4.167478461394158]",-13.61477000784874,4.167478461394158
52,CGGGTCACTGCCA,"[-14.461900005817414, 4.219231966152893]",-14.461900005817414,4.219231966152893
55,CGGGTCACTGCCA,"[-15.222099997520447, 4.290091097338115]",-15.222099997520447,4.290091097338115
58,CGGGTCACTGCCA,"[-16.159719987869263, 4.484763069362418]",-16.159719987869263,4.484763069362418
59,CGGGTCACTGCCA,"[-16.263239979743958, 4.375209290496755]",-16.263239979743958,4.375209290496755
60,CGGGTCACTGCCA,"[-16.55851001381874, 4.5460588516689775]",-16.55851001381874,4.5460588516689775
61,CGGGTCACTGCCA,"[-17.15030003643036, 4.296957046150001]",-17.15030003643036,4.296957046150001
62,CGGGTCACTGCCA,"[-17.274599984407423, 4.633540196875089]",-17.274599984407423,4.633540196875089
63,CGGGTCACTGCCA,"[-17.599350016117096, 4.789625456724565]",-17.599350016117096,4.789625456724565
64,CGGGTCACTGCCA,"[-17.89258000564575, 4.585552342978193]",-17.89258000564575,4.585552342978193
65,CGGGTCACTGCCA,"[-18.11794002008438, 4.722434526202365]",-18.11794002008438,4.722434526202365
67,CGGGTCACTGCCA,"[-18.56720000910759, 4.592339746955366]",-18.56720000910759,4.592339746955366
70,CGGGTCACTGCCA,"[-19.58739999961853, 4.809041595060997]",-19.58739999961853,4.809041595060997
73,CGGGTCACTGCCA,"[-20.630199996471404, 5.116825971004708]",-20.630199996471404,5.116825971004708
74,CGGGTCACTGCCA,"[-20.86811000442505, 4.9583113576854]",-20.86811000442505,4.9583113576854
76,CGGGTCACTGCCA,"[-21.047169972419738, 5.059465558724889]",-21.047169972419738,5.059465558724889
79,CGGGTCACTGCCA,"[-22.12172999382019, 5.179141399826231]",-22.12172999382019,5.179141399826231
82,CGGGTCACTGCCA,"[-22.815270020484924, 5.340364703992732]",-22.815270020484924,5.340364703992732
