length,variable,value,VF_RTT_mean,VF_RTT_std,HA
1,CCAAGGTGAGATCC,"[0.0, 0.001]",0.0,0.001,CCAAGGTGAGATCC
10,CCAAGGTGAGATCC,"[-2.933500003822148, 1.9312554934228734]",-2.933500003822148,1.9312554934228734,CCAAGGTGAGATCC
2,CCAAGGTGAGATCC,"[-0.35709999909996987, 0.6348618564791402]",-0.35709999909996987,0.6348618564791402,CCAAGGTGAGATCC
5,CCAAGGTGAGATCC,"[-1.3988999992907047, 1.491378150792385]",-1.3988999992907047,1.491378150792385,CCAAGGTGAGATCC
1,ATGCGGTGGTGATG,"[-0.07800000309944152, 0.13159027842569548]",-0.07800000309944152,0.13159027842569548,ATGCGGTGGTGATG
10,ATGCGGTGGTGATG,"[-3.0885000020861626, 2.350110160777429]",-3.0885000020861626,2.350110160777429,ATGCGGTGGTGATG
2,ATGCGGTGGTGATG,"[-0.2293000034093857, 0.50654863336001]",-0.2293000034093857,0.50654863336001,ATGCGGTGGTGATG
5,ATGCGGTGGTGATG,"[-1.235199998214841, 1.4381449653785927]",-1.235199998214841,1.4381449653785927,ATGCGGTGGTGATG
1,CCATGGACAACTCT,"[0.0, 0.001]",0.0,0.001,CCATGGACAACTCT
10,CCATGGACAACTCT,"[-1.846000000014901, 1.8060022161740048]",-1.846000000014901,1.8060022161740048,CCATGGACAACTCT
2,CCATGGACAACTCT,"[-0.14940000438690185, 0.45622324769290146]",-0.14940000438690185,0.45622324769290146,CCATGGACAACTCT
5,CCATGGACAACTCT,"[-0.6047000020518899, 0.9944988248056598]",-0.6047000020518899,0.9944988248056598,CCATGGACAACTCT
1,ATGAGGTGAGTGCT,"[0.0, 0.001]",0.0,0.001,ATGAGGTGAGTGCT
10,ATGAGGTGAGTGCT,"[-2.9702000038027765, 2.2342005289033047]",-2.9702000038027765,2.2342005289033047,ATGAGGTGAGTGCT
2,ATGAGGTGAGTGCT,"[-0.283800000667572, 0.7546506211629519]",-0.283800000667572,0.7546506211629519,ATGAGGTGAGTGCT
5,ATGAGGTGAGTGCT,"[-1.1440000005066395, 1.4248943835218508]",-1.1440000005066395,1.4248943835218508,ATGAGGTGAGTGCT
1,ATGAGGCAAGGCAG,"[0.0, 0.001]",0.0,0.001,ATGAGGCAAGGCAG
10,ATGAGGCAAGGCAG,"[-2.4868999984785916, 2.268086946474537]",-2.4868999984785916,2.268086946474537,ATGAGGCAAGGCAG
2,ATGAGGCAAGGCAG,"[-0.050400000751018526, 0.19437037100835863]",-0.050400000751018526,0.19437037100835863,ATGAGGCAAGGCAG
5,ATGAGGCAAGGCAG,"[-0.7622999991849064, 1.2254830520863715]",-0.7622999991849064,1.2254830520863715,ATGAGGCAAGGCAG
1,GCATGGCATGTTGT,"[-0.3453000070005655, 0.2066831211788407]",-0.3453000070005655,0.2066831211788407,GCATGGCATGTTGT
10,GCATGGCATGTTGT,"[-2.9595000021234155, 1.8808534672640063]",-2.9595000021234155,1.8808534672640063,GCATGGCATGTTGT
2,GCATGGCATGTTGT,"[-1.0403999969214202, 0.8464087682709698]",-1.0403999969214202,0.8464087682709698,GCATGGCATGTTGT
5,GCATGGCATGTTGT,"[-1.8282000024169685, 1.4330473658408207]",-1.8282000024169685,1.4330473658408207,GCATGGCATGTTGT
1,TCCCGGTAAGGGCA,"[-3.918700012922287, 0.3860055215072459]",-3.918700012922287,0.3860055215072459,TCCCGGTAAGGGCA
10,TCCCGGTAAGGGCA,"[-4.485700045824051, 1.2458994687527885]",-4.485700045824051,1.2458994687527885,TCCCGGTAAGGGCA
2,TCCCGGTAAGGGCA,"[-3.8679000585079195, 0.30149560428298416]",-3.8679000585079195,0.30149560428298416,TCCCGGTAAGGGCA
5,TCCCGGTAAGGGCA,"[-3.980300052165985, 0.5201556588032634]",-3.980300052165985,0.5201556588032634,TCCCGGTAAGGGCA
1,CGCTGGAGGAGATG,"[-0.3379999876022339, 0.5702244962702835]",-0.3379999876022339,0.5702244962702835,CGCTGGAGGAGATG
10,CGCTGGAGGAGATG,"[-3.3461999998763203, 2.2541529589220004]",-3.3461999998763203,2.2541529589220004,CGCTGGAGGAGATG
2,CGCTGGAGGAGATG,"[-0.6195000003725291, 0.9533675853161039]",-0.6195000003725291,0.9533675853161039,CGCTGGAGGAGATG
5,CGCTGGAGGAGATG,"[-1.5018000048398972, 1.675427341945022]",-1.5018000048398972,1.675427341945022,CGCTGGAGGAGATG
1,CCCAGGTCAAACAG,"[0.0, 0.001]",0.0,0.001,CCCAGGTCAAACAG
10,CCCAGGTCAAACAG,"[-2.2597000029310585, 1.959465725506853]",-2.2597000029310585,1.959465725506853,CCCAGGTCAAACAG
2,CCCAGGTCAAACAG,"[-0.31560000371932984, 0.8608813288220263]",-0.31560000371932984,0.8608813288220263,CCCAGGTCAAACAG
5,CCCAGGTCAAACAG,"[-0.9130999960750341, 1.2432933583486176]",-0.9130999960750341,1.2432933583486176,CCCAGGTCAAACAG
1,TCGTGGATGTTGGT,"[0.0, 0.001]",0.0,0.001,TCGTGGATGTTGGT
10,TCGTGGATGTTGGT,"[-2.776199994392693, 2.026566932793317]",-2.776199994392693,2.026566932793317,TCGTGGATGTTGGT
2,TCGTGGATGTTGGT,"[-0.12319999974966049, 0.28188962224083886]",-0.12319999974966049,0.28188962224083886,TCGTGGATGTTGGT
5,TCGTGGATGTTGGT,"[-1.018200001642108, 1.292520313951359]",-1.018200001642108,1.292520313951359,TCGTGGATGTTGGT
1,ACGTGGGTCCCTAT,"[-0.6860000138431788, 0.8577902033090622]",-0.6860000138431788,0.8577902033090622,ACGTGGGTCCCTAT
10,ACGTGGGTCCCTAT,"[-3.5679999981075525, 2.438855460867499]",-3.5679999981075525,2.438855460867499,ACGTGGGTCCCTAT
2,ACGTGGGTCCCTAT,"[-0.9036000115424394, 1.3773333162873556]",-0.9036000115424394,1.3773333162873556,ACGTGGGTCCCTAT
5,ACGTGGGTCCCTAT,"[-1.8345000021606683, 2.004160593529211]",-1.8345000021606683,2.004160593529211,ACGTGGGTCCCTAT
1,CTGTGGATTTTGAA,"[0.0, 0.001]",0.0,0.001,CTGTGGATTTTGAA
10,CTGTGGATTTTGAA,"[-1.8966999998390675, 1.594897838254069]",-1.8966999998390675,1.594897838254069,CTGTGGATTTTGAA
2,CTGTGGATTTTGAA,"[-0.02240000033378601, 0.09196869169491972]",-0.02240000033378601,0.09196869169491972,CTGTGGATTTTGAA
5,CTGTGGATTTTGAA,"[-0.40850000328570607, 0.7070910517563946]",-0.40850000328570607,0.7070910517563946,CTGTGGATTTTGAA
1,GAGAGGCAGAACTT,"[-0.30000001192092896, 0.001]",-0.30000001192092896,0.001,GAGAGGCAGAACTT
10,GAGAGGCAGAACTT,"[-2.4584000022411345, 2.017713919638037]",-2.4584000022411345,2.017713919638037,GAGAGGCAGAACTT
2,GAGAGGCAGAACTT,"[-0.4361000056862831, 0.38129618119004965]",-0.4361000056862831,0.38129618119004965,GAGAGGCAGAACTT
5,GAGAGGCAGAACTT,"[-1.1401000108122825, 1.2638678786918671]",-1.1401000108122825,1.2638678786918671,GAGAGGCAGAACTT
1,GCGTGGCTCAGAGG,"[0.0, 0.001]",0.0,0.001,GCGTGGCTCAGAGG
10,GCGTGGCTCAGAGG,"[-3.700300001718104, 2.232180531994146]",-3.700300001718104,2.232180531994146,GCGTGGCTCAGAGG
2,GCGTGGCTCAGAGG,"[-0.6244999841153621, 1.220208851173332]",-0.6244999841153621,1.220208851173332,GCGTGGCTCAGAGG
5,GCGTGGCTCAGAGG,"[-1.729199999846518, 1.7277289548676364]",-1.729199999846518,1.7277289548676364,GCGTGGCTCAGAGG
1,CCTTGGTAAGCACT,"[-0.14580000579357147, 0.25733706546644314]",-0.14580000579357147,0.25733706546644314,CCTTGGTAAGCACT
10,CCTTGGTAAGCACT,"[-2.4333999973759055, 1.9287572232473174]",-2.4333999973759055,1.9287572232473174,CCTTGGTAAGCACT
2,CCTTGGTAAGCACT,"[-0.18260000362992287, 0.2824486535682898]",-0.18260000362992287,0.2824486535682898,CCTTGGTAAGCACT
5,CCTTGGTAAGCACT,"[-0.8656000036150217, 1.1240892470517152]",-0.8656000036150217,1.1240892470517152,CCTTGGTAAGCACT
1,CCGAGGTGAGCCGC,"[-0.20000000298023224, 0.001]",-0.20000000298023224,0.001,CCGAGGTGAGCCGC
10,CCGAGGTGAGCCGC,"[-4.068699996173382, 2.6004827114262694]",-4.068699996173382,2.6004827114262694,CCGAGGTGAGCCGC
2,CCGAGGTGAGCCGC,"[-0.6171000085175037, 0.9237410986792235]",-0.6171000085175037,0.9237410986792235,CCGAGGTGAGCCGC
5,CCGAGGTGAGCCGC,"[-2.0331999909728764, 1.8088498346961206]",-2.0331999909728764,1.8088498346961206,CCGAGGTGAGCCGC
1,CTCAGGTAGACAAC,"[0.0, 0.001]",0.0,0.001,CTCAGGTAGACAAC
10,CTCAGGTAGACAAC,"[-2.083100000731647, 1.7465235167844289]",-2.083100000731647,1.7465235167844289,CTCAGGTAGACAAC
2,CTCAGGTAGACAAC,"[-0.26700000596046447, 0.7249765645504662]",-0.26700000596046447,0.7249765645504662,CTCAGGTAGACAAC
5,CTCAGGTAGACAAC,"[-0.8722000001519918, 1.2069412411419067]",-0.8722000001519918,1.2069412411419067,CTCAGGTAGACAAC
1,CCAAGGAGCAGGTA,"[-0.9822000148296356, 0.8611754598285933]",-0.9822000148296356,0.8611754598285933,CCAAGGAGCAGGTA
10,CCAAGGAGCAGGTA,"[-3.3485999961793422, 1.8371113389609566]",-3.3485999961793422,1.8371113389609566,CCAAGGAGCAGGTA
2,CCAAGGAGCAGGTA,"[-1.320599982380867, 0.9399976638347998]",-1.320599982380867,0.9399976638347998,CCAAGGAGCAGGTA
5,CCAAGGAGCAGGTA,"[-2.236099993020296, 1.4011733668406614]",-2.236099993020296,1.4011733668406614,CCAAGGAGCAGGTA
1,ACATGGCATCCACC,"[-0.10000000149011612, 0.001]",-0.10000000149011612,0.001,ACATGGCATCCACC
10,ACATGGCATCCACC,"[-2.3939000018164514, 2.1001887525867655]",-2.3939000018164514,2.1001887525867655,ACATGGCATCCACC
2,ACATGGCATCCACC,"[-0.21970000206679105, 0.34983126011926974]",-0.21970000206679105,0.34983126011926974,ACATGGCATCCACC
5,ACATGGCATCCACC,"[-0.9490999966338277, 1.218679272318974]",-0.9490999966338277,1.218679272318974,ACATGGCATCCACC
1,CCGAGGTGGCACCA,"[-1.8532999716997147, 1.3295746933798316]",-1.8532999716997147,1.3295746933798316,CCGAGGTGGCACCA
10,CCGAGGTGGCACCA,"[-4.707000006318093, 2.3142711642603304]",-4.707000006318093,2.3142711642603304,CCGAGGTGGCACCA
2,CCGAGGTGGCACCA,"[-2.0568000055551527, 1.3477439333627714]",-2.0568000055551527,1.3477439333627714,CCGAGGTGGCACCA
5,CCGAGGTGGCACCA,"[-3.2460000072717667, 1.9828777009511194]",-3.2460000072717667,1.9828777009511194,CCGAGGTGGCACCA
1,GTGAGGTGGAAGAG,"[0.0, 0.001]",0.0,0.001,GTGAGGTGGAAGAG
10,GTGAGGTGGAAGAG,"[-2.5457999946922065, 2.227972696146554]",-2.5457999946922065,2.227972696146554,GTGAGGTGGAAGAG
2,GTGAGGTGGAAGAG,"[-0.03360000133514404, 0.13795304096848027]",-0.03360000133514404,0.13795304096848027,GTGAGGTGGAAGAG
5,GTGAGGTGGAAGAG,"[-1.033499995112419, 1.470125071346652]",-1.033499995112419,1.470125071346652,GTGAGGTGGAAGAG
1,CCCTGGTTGTAACC,"[-0.10000000149011612, 0.001]",-0.10000000149011612,0.001,CCCTGGTTGTAACC
10,CCCTGGTTGTAACC,"[-2.4023999968320133, 1.9924994907999385]",-2.4023999968320133,1.9924994907999385,CCCTGGTTGTAACC
2,CCCTGGTTGTAACC,"[-0.10000000149011612, 0.001]",-0.10000000149011612,0.001,CCCTGGTTGTAACC
5,CCCTGGTTGTAACC,"[-0.8091000000014901, 1.0822417375258317]",-0.8091000000014901,1.0822417375258317,CCCTGGTTGTAACC
1,GTGAGGAGAGGGAC,"[0.0, 0.001]",0.0,0.001,GTGAGGAGAGGGAC
10,GTGAGGAGAGGGAC,"[-2.3459999978244306, 2.384903348663669]",-2.3459999978244306,2.384903348663669,GTGAGGAGAGGGAC
2,GTGAGGAGAGGGAC,"[-0.10639999866485596, 0.43685127355951625]",-0.10639999866485596,0.43685127355951625,GTGAGGAGAGGGAC
5,GTGAGGAGAGGGAC,"[-0.856599998831749, 1.4838653700163111]",-0.856599998831749,1.4838653700163111,GTGAGGAGAGGGAC
1,CGCTGGCTGTGTGT,"[-1.982199999332428, 0.8611754721050641]",-1.982199999332428,0.8611754721050641,CGCTGGCTGTGTGT
10,CGCTGGCTGTGTGT,"[-4.34239999294281, 2.178233746986425]",-4.34239999294281,2.178233746986425,CGCTGGCTGTGTGT
2,CGCTGGCTGTGTGT,"[-2.449199970006943, 1.3254581556367107]",-2.449199970006943,1.3254581556367107,CGCTGGCTGTGTGT
5,CGCTGGCTGTGTGT,"[-3.1420999866724015, 1.7187604848738987]",-3.1420999866724015,1.7187604848738987,CGCTGGCTGTGTGT
1,GAGAGGGCAGTGAT,"[0.0, 0.001]",0.0,0.001,GAGAGGGCAGTGAT
10,GAGAGGGCAGTGAT,"[-3.1126999973580243, 2.3849504592495054]",-3.1126999973580243,2.3849504592495054,GAGAGGGCAGTGAT
2,GAGAGGGCAGTGAT,"[-0.247099990606308, 0.5837906829198576]",-0.247099990606308,0.5837906829198576,GAGAGGGCAGTGAT
5,GAGAGGGCAGTGAT,"[-1.3815000012740493, 1.6948061137027546]",-1.3815000012740493,1.6948061137027546,GAGAGGGCAGTGAT
1,ACGCGGCCAGCTGC,"[-2.700000047683716, 0.001]",-2.700000047683716,0.001,ACGCGGCCAGCTGC
10,ACGCGGCCAGCTGC,"[-4.0919000163078305, 1.9617910926902067]",-4.0919000163078305,1.9617910926902067,ACGCGGCCAGCTGC
2,ACGCGGCCAGCTGC,"[-2.7693000416755678, 0.26725923298326637]",-2.7693000416755678,0.26725923298326637,ACGCGGCCAGCTGC
5,ACGCGGCCAGCTGC,"[-2.953300038576126, 0.672167460907082]",-2.953300038576126,0.672167460907082,ACGCGGCCAGCTGC
1,CAGAGGCAGATGAG,"[-0.34419999420642855, 0.37564125646667995]",-0.34419999420642855,0.37564125646667995,CAGAGGCAGATGAG
10,CAGAGGCAGATGAG,"[-2.8094999983236195, 2.13515801935057]",-2.8094999983236195,2.13515801935057,CAGAGGCAGATGAG
2,CAGAGGCAGATGAG,"[-0.660699997484684, 0.8668480276060225]",-0.660699997484684,0.8668480276060225,CAGAGGCAGATGAG
5,CAGAGGCAGATGAG,"[-1.3489999989643693, 1.3933481262768255]",-1.3489999989643693,1.3933481262768255,CAGAGGCAGATGAG
1,TGGTGGCATCAGAG,"[-0.5979999876022339, 1.0088587402595095]",-0.5979999876022339,1.0088587402595095,TGGTGGCATCAGAG
10,TGGTGGCATCAGAG,"[-3.5191999951601027, 2.0125385337582338]",-3.5191999951601027,2.0125385337582338,TGGTGGCATCAGAG
2,TGGTGGCATCAGAG,"[-1.2574000065922737, 1.459762066066957]",-1.2574000065922737,1.459762066066957,TGGTGGCATCAGAG
5,TGGTGGCATCAGAG,"[-2.0879999909996987, 1.626104541515532]",-2.0879999909996987,1.626104541515532,TGGTGGCATCAGAG
1,CATTGGTAACGTCA,"[0.0, 0.001]",0.0,0.001,CATTGGTAACGTCA
10,CATTGGTAACGTCA,"[-2.043299998678267, 1.6224410939580955]",-2.043299998678267,1.6224410939580955,CATTGGTAACGTCA
2,CATTGGTAACGTCA,"[-0.19200000131130218, 0.39410150769358393]",-0.19200000131130218,0.39410150769358393,CATTGGTAACGTCA
5,CATTGGTAACGTCA,"[-0.7631000020205975, 0.931122113225356]",-0.7631000020205975,0.931122113225356,CATTGGTAACGTCA
1,AGAAGGAGCTGAAA,"[-0.3120000123977661, 0.5263611137027819]",-0.3120000123977661,0.5263611137027819,AGAAGGAGCTGAAA
10,AGAAGGAGCTGAAA,"[-2.4322999986186624, 1.9408262956582365]",-2.4322999986186624,1.9408262956582365,AGAAGGAGCTGAAA
2,AGAAGGAGCTGAAA,"[-0.45340000188350676, 0.7850021863776395]",-0.45340000188350676,0.7850021863776395,AGAAGGAGCTGAAA
5,AGAAGGAGCTGAAA,"[-1.1298000067174434, 1.3303277717792306]",-1.1298000067174434,1.3303277717792306,AGAAGGAGCTGAAA
1,GAGAGGTTTCTGGG,"[-0.744199978157878, 0.8077662348404864]",-0.744199978157878,0.8077662348404864,GAGAGGTTTCTGGG
10,GAGAGGTTTCTGGG,"[-3.424500000357628, 1.988207673496009]",-3.424500000357628,1.988207673496009,GAGAGGTTTCTGGG
2,GAGAGGTTTCTGGG,"[-1.4603000146523117, 1.2027193843962465]",-1.4603000146523117,1.2027193843962465,GAGAGGTTTCTGGG
5,GAGAGGTTTCTGGG,"[-2.500100005656481, 1.774156127658176]",-2.500100005656481,1.774156127658176,GAGAGGTTTCTGGG
1,GTGTGGGATGGTTG,"[0.0, 0.001]",0.0,0.001,GTGTGGGATGGTTG
10,GTGTGGGATGGTTG,"[-3.0401999944522977, 2.262137033066295]",-3.0401999944522977,2.262137033066295,GTGTGGGATGGTTG
2,GTGTGGGATGGTTG,"[-0.1636000003516674, 0.5726735894256006]",-0.1636000003516674,0.5726735894256006,GTGTGGGATGGTTG
5,GTGTGGGATGGTTG,"[-1.199299997203052, 1.554686303099042]",-1.199299997203052,1.554686303099042,GTGTGGGATGGTTG
1,ACCAGGCTTCGCCT,"[-3.200000047683716, 0.001]",-3.200000047683716,0.001,ACCAGGCTTCGCCT
10,ACCAGGCTTCGCCT,"[-4.32770002412796, 1.7304053473035903]",-4.32770002412796,1.7304053473035903,ACCAGGCTTCGCCT
2,ACCAGGCTTCGCCT,"[-3.200000047683716, 0.001]",-3.200000047683716,0.001,ACCAGGCTTCGCCT
5,ACCAGGCTTCGCCT,"[-3.360900040388107, 0.5168570122567153]",-3.360900040388107,0.5168570122567153,ACCAGGCTTCGCCT
1,CGGAGGTCCATGCC,"[-0.7971999967694282, 0.17155805216567527]",-0.7971999967694282,0.17155805216567527,CGGAGGTCCATGCC
10,CGGAGGTCCATGCC,"[-3.7022999972701074, 2.2015232681836983]",-3.7022999972701074,2.2015232681836983,CGGAGGTCCATGCC
2,CGGAGGTCCATGCC,"[-1.0853999887704848, 0.7253046427237542]",-1.0853999887704848,0.7253046427237542,CGGAGGTCCATGCC
5,CGGAGGTCCATGCC,"[-2.096599993407726, 1.6794309904802596]",-2.096599993407726,1.6794309904802596,CGGAGGTCCATGCC
1,GCCTGGATCTCGAA,"[0.0, 0.001]",0.0,0.001,GCCTGGATCTCGAA
10,GCCTGGATCTCGAA,"[-2.5967999979779126, 2.0888919996342366]",-2.5967999979779126,2.0888919996342366,GCCTGGATCTCGAA
2,GCCTGGATCTCGAA,"[-0.0629999998807907, 0.18278675913224615]",-0.0629999998807907,0.18278675913224615,GCCTGGATCTCGAA
5,GCCTGGATCTCGAA,"[-0.7297000006586313, 1.0958594412061458]",-0.7297000006586313,1.0958594412061458,GCCTGGATCTCGAA
1,GGAAGGGGGACAGG,"[0.0, 0.001]",0.0,0.001,GGAAGGGGGACAGG
10,GGAAGGGGGACAGG,"[-2.6584999947547914, 2.5779270185626575]",-2.6584999947547914,2.5779270185626575,GGAAGGGGGACAGG
2,GGAAGGGGGACAGG,"[-0.18560000276565553, 0.5123598811611683]",-0.18560000276565553,0.5123598811611683,GGAAGGGGGACAGG
5,GGAAGGGGGACAGG,"[-1.1096999983638525, 1.6994869475722918]",-1.1096999983638525,1.6994869475722918,GGAAGGGGGACAGG
1,CAGAGGATATACCC,"[0.0, 0.001]",0.0,0.001,CAGAGGATATACCC
10,CAGAGGATATACCC,"[-1.8328999980315566, 1.7057923643775759]",-1.8328999980315566,1.7057923643775759,CAGAGGATATACCC
2,CAGAGGATATACCC,"[-0.02240000033378601, 0.09196869169491972]",-0.02240000033378601,0.09196869169491972,CAGAGGATATACCC
5,CAGAGGATATACCC,"[-0.5157999982088805, 0.860703405701956]",-0.5157999982088805,0.860703405701956,CAGAGGATATACCC
1,TCGAGGACCTGGAG,"[-1.318199981033802, 0.7641391826052722]",-1.318199981033802,0.7641391826052722,TCGAGGACCTGGAG
10,TCGAGGACCTGGAG,"[-3.4435999988913535, 2.2113794487041494]",-3.4435999988913535,2.2113794487041494,TCGAGGACCTGGAG
2,TCGAGGACCTGGAG,"[-1.52640000551939, 0.9926847629342279]",-1.52640000551939,0.9926847629342279,TCGAGGACCTGGAG
5,TCGAGGACCTGGAG,"[-2.0727999997735025, 1.4587460773015646]",-2.0727999997735025,1.4587460773015646,TCGAGGACCTGGAG
1,GCGAGGCCTTCCGG,"[-0.7115000015497208, 1.0267023663333614]",-0.7115000015497208,1.0267023663333614,GCGAGGCCTTCCGG
10,GCGAGGCCTTCCGG,"[-3.9115000036507843, 2.6373429326052773]",-3.9115000036507843,2.6373429326052773,GCGAGGCCTTCCGG
2,GCGAGGCCTTCCGG,"[-0.9503000072836876, 1.1889911413237022]",-0.9503000072836876,1.1889911413237022,GCGAGGCCTTCCGG
5,GCGAGGCCTTCCGG,"[-2.0491000012606384, 1.9839755933130976]",-2.0491000012606384,1.9839755933130976,GCGAGGCCTTCCGG
1,CAAAGGAAGCTGCT,"[-0.41310001158714293, 0.7291216769668757]",-0.41310001158714293,0.7291216769668757,CAAAGGAAGCTGCT
10,CAAAGGAAGCTGCT,"[-2.7048000037148596, 2.00978033326049]",-2.7048000037148596,2.00978033326049,CAAAGGAAGCTGCT
2,CAAAGGAAGCTGCT,"[-0.5065999912247062, 0.825915495616345]",-0.5065999912247062,0.825915495616345,CAAAGGAAGCTGCT
5,CAAAGGAAGCTGCT,"[-1.3844000034257768, 1.5796887855609925]",-1.3844000034257768,1.5796887855609925,CAAAGGAAGCTGCT
1,GCGCGGGCACAGCA,"[-1.826300017952919, 0.27719720406967435]",-1.826300017952919,0.27719720406967435,GCGCGGGCACAGCA
10,GCGCGGGCACAGCA,"[-4.272400003671646, 2.331158130575963]",-4.272400003671646,2.331158130575963,GCGCGGGCACAGCA
2,GCGCGGGCACAGCA,"[-2.23990000641346, 1.1976217463592547]",-2.23990000641346,1.1976217463592547,GCGCGGGCACAGCA
5,GCGCGGGCACAGCA,"[-3.076400012254715, 1.7615626641808724]",-3.076400012254715,1.7615626641808724,GCGCGGGCACAGCA
1,TGCCGGCGCCAGAG,"[-0.1526000022739172, 0.16743130183886068]",-0.1526000022739172,0.16743130183886068,TGCCGGCGCCAGAG
10,TGCCGGCGCCAGAG,"[-3.65129999679327, 2.653043220306149]",-3.65129999679327,2.653043220306149,TGCCGGCGCCAGAG
2,TGCCGGCGCCAGAG,"[-0.6755000035464763, 1.0484511357460098]",-0.6755000035464763,1.0484511357460098,TGCCGGCGCCAGAG
5,TGCCGGCGCCAGAG,"[-1.921999996945262, 1.8527590182728428]",-1.921999996945262,1.8527590182728428,TGCCGGCGCCAGAG
1,ATGTGGGGTACTAT,"[-1.100000023841858, 0.001]",-1.100000023841858,0.001,ATGTGGGGTACTAT
10,ATGTGGGGTACTAT,"[-3.0506000040769576, 1.9901807929801358]",-3.0506000040769576,1.9901807929801358,ATGTGGGGTACTAT
2,ATGTGGGGTACTAT,"[-1.131200021982193, 0.10726862835102907]",-1.131200021982193,0.10726862835102907,ATGTGGGGTACTAT
5,ATGTGGGGTACTAT,"[-1.6489000172615051, 1.0616019880157523]",-1.6489000172615051,1.0616019880157523,ATGTGGGGTACTAT
1,CAGAGGGCCAAAAA,"[0.0, 0.001]",0.0,0.001,CAGAGGGCCAAAAA
10,CAGAGGGCCAAAAA,"[-3.2717999973073604, 2.5535474813547316]",-3.2717999973073604,2.5535474813547316,CAGAGGGCCAAAAA
2,CAGAGGGCCAAAAA,"[-0.5961999954953789, 1.1896241044888982]",-0.5961999954953789,1.1896241044888982,CAGAGGGCCAAAAA
5,CAGAGGGCCAAAAA,"[-1.642200002424419, 1.9477163986229482]",-1.642200002424419,1.9477163986229482,CAGAGGGCCAAAAA
1,GTGAGGGTGATGCT,"[0.0, 0.001]",0.0,0.001,GTGAGGGTGATGCT
10,GTGAGGGTGATGCT,"[-3.2388000017404557, 2.4409536155019156]",-3.2388000017404557,2.4409536155019156,GTGAGGGTGATGCT
2,GTGAGGGTGATGCT,"[-0.27890000426769257, 0.7441134430192023]",-0.27890000426769257,0.7441134430192023,GTGAGGGTGATGCT
5,GTGAGGGTGATGCT,"[-1.2984999946430325, 1.5640740815031005]",-1.2984999946430325,1.5640740815031005,GTGAGGGTGATGCT
1,CGAAGGTGTCGCTG,"[-1.12100000038743, 1.6417853085007394]",-1.12100000038743,1.6417853085007394,CGAAGGTGTCGCTG
10,CGAAGGTGTCGCTG,"[-4.212099986054003, 2.3125361821563692]",-4.212099986054003,2.3125361821563692,CGAAGGTGTCGCTG
2,CGAAGGTGTCGCTG,"[-1.5156999895274639, 1.8645920130621896]",-1.5156999895274639,1.8645920130621896,CGAAGGTGTCGCTG
5,CGAAGGTGTCGCTG,"[-2.7479999856576325, 2.171818584962063]",-2.7479999856576325,2.171818584962063,CGAAGGTGTCGCTG
1,CACTGGGCTAAAAC,"[-0.07290000289678573, 0.12866853273322157]",-0.07290000289678573,0.12866853273322157,CACTGGGCTAAAAC
10,CACTGGGCTAAAAC,"[-3.0093000027909875, 2.137737944031328]",-3.0093000027909875,2.137737944031328,CACTGGGCTAAAAC
2,CACTGGGCTAAAAC,"[-0.6313000023066998, 0.9737814569409801]",-0.6313000023066998,0.9737814569409801,CACTGGGCTAAAAC
5,CACTGGGCTAAAAC,"[-1.5987000055238605, 1.7141027796711523]",-1.5987000055238605,1.7141027796711523,CACTGGGCTAAAAC
1,CCATGGGCTTCCTC,"[-0.9103000045120716, 0.9006796907863416]",-0.9103000045120716,0.9006796907863416,CCATGGGCTTCCTC
10,CCATGGGCTTCCTC,"[-3.8103000094890596, 2.3259329209913053]",-3.8103000094890596,2.3259329209913053,CCATGGGCTTCCTC
2,CCATGGGCTTCCTC,"[-1.240100006222725, 1.1402376850255762]",-1.240100006222725,1.1402376850255762,CCATGGGCTTCCTC
5,CCATGGGCTTCCTC,"[-2.2707000036537646, 1.8313742095753476]",-2.2707000036537646,1.8313742095753476,CCATGGGCTTCCTC
1,CTGGGGAGCTGCGG,"[-1.0092999768853188, 0.9122079992209752]",-1.0092999768853188,0.9122079992209752,CTGGGGAGCTGCGG
10,CTGGGGAGCTGCGG,"[-4.633999988883733, 2.601142823205421]",-4.633999988883733,2.601142823205421,CTGGGGAGCTGCGG
2,CTGGGGAGCTGCGG,"[-1.1860000069141388, 1.2433841050783847]",-1.1860000069141388,1.2433841050783847,CTGGGGAGCTGCGG
5,CTGGGGAGCTGCGG,"[-2.8211999959647653, 2.216237932389001]",-2.8211999959647653,2.216237932389001,CTGGGGAGCTGCGG
1,CTGCGGAAACGCGG,"[-6.47470002412796, 0.14720689069451368]",-6.47470002412796,0.14720689069451368,CTGCGGAAACGCGG
10,CTGCGGAAACGCGG,"[-6.594100017547607, 0.44314235734675544]",-6.594100017547607,0.44314235734675544,CTGCGGAAACGCGG
2,CTGCGGAAACGCGG,"[-6.474500024318695, 0.15066421839203734]",-6.474500024318695,0.15066421839203734,CTGCGGAAACGCGG
5,CTGCGGAAACGCGG,"[-6.4784000205993655, 0.14694692515939686]",-6.4784000205993655,0.14694692515939686,CTGCGGAAACGCGG
1,CAGTGGAGGGCCGA,"[-0.699999988079071, 0.001]",-0.699999988079071,0.001,CAGTGGAGGGCCGA
10,CAGTGGAGGGCCGA,"[-4.545799997329712, 2.8111603190229966]",-4.545799997329712,2.8111603190229966,CAGTGGAGGGCCGA
2,CAGTGGAGGGCCGA,"[-1.2512000033259392, 1.0391913362481195]",-1.2512000033259392,1.0391913362481195,CAGTGGAGGGCCGA
5,CAGTGGAGGGCCGA,"[-2.589599993288517, 2.094538574209579]",-2.589599993288517,2.094538574209579,CAGTGGAGGGCCGA
1,CTATGGTCATACCA,"[-1.5, 0.001]",-1.5,0.001,CTATGGTCATACCA
10,CTATGGTCATACCA,"[-2.7487999979257585, 1.6105646673863474]",-2.7487999979257585,1.6105646673863474,CTATGGTCATACCA
2,CTATGGTCATACCA,"[-1.5132000031471253, 0.049656431363582]",-1.5132000031471253,0.049656431363582,CTATGGTCATACCA
5,CTATGGTCATACCA,"[-1.754299999833107, 0.6991434145778214]",-1.754299999833107,0.6991434145778214,CTATGGTCATACCA
1,CAGCGGCCCTTCGC,"[-2.0999999046325684, 0.001]",-2.0999999046325684,0.001,CAGCGGCCCTTCGC
10,CAGCGGCCCTTCGC,"[-3.8671999650001525, 2.269529531494888]",-3.8671999650001525,2.269529531494888,CAGCGGCCCTTCGC
2,CAGCGGCCCTTCGC,"[-2.164799907207489, 0.27122124888382176]",-2.164799907207489,0.27122124888382176,CAGCGGCCCTTCGC
5,CAGCGGCCCTTCGC,"[-2.5525999302864073, 1.1382764644760943]",-2.5525999302864073,1.1382764644760943,CAGCGGCCCTTCGC
1,AGTTGGGGCATGGG,"[0.0, 0.001]",0.0,0.001,AGTTGGGGCATGGG
10,AGTTGGGGCATGGG,"[-3.33900000474602, 2.6073893156389407]",-3.33900000474602,2.6073893156389407,AGTTGGGGCATGGG
2,AGTTGGGGCATGGG,"[-0.14909999465942383, 0.49038675467649034]",-0.14909999465942383,0.49038675467649034,AGTTGGGGCATGGG
5,AGTTGGGGCATGGG,"[-1.299299999937415, 1.762863997697946]",-1.299299999937415,1.762863997697946,AGTTGGGGCATGGG
1,CTCTGGAAACTATT,"[0.0, 0.001]",0.0,0.001,CTCTGGAAACTATT
10,CTCTGGAAACTATT,"[-1.5583999994173645, 1.5058583684226865]",-1.5583999994173645,1.5058583684226865,CTCTGGAAACTATT
2,CTCTGGAAACTATT,"[-0.03360000133514404, 0.13795304096848027]",-0.03360000133514404,0.13795304096848027,CTCTGGAAACTATT
5,CTCTGGAAACTATT,"[-0.37390000067651274, 0.7075512617706184]",-0.37390000067651274,0.7075512617706184,CTCTGGAAACTATT
1,GACAGGCAAGGAGG,"[0.0, 0.001]",0.0,0.001,GACAGGCAAGGAGG
10,GACAGGCAAGGAGG,"[-2.550300004787743, 2.107107012328421]",-2.550300004787743,2.107107012328421,GACAGGCAAGGAGG
2,GACAGGCAAGGAGG,"[-0.17499999833106994, 0.4911771500250961]",-0.17499999833106994,0.4911771500250961,GACAGGCAAGGAGG
5,GACAGGCAAGGAGG,"[-1.1183000003844499, 1.414742069926877]",-1.1183000003844499,1.414742069926877,GACAGGCAAGGAGG
1,TGATGGTACTTTCC,"[0.0, 0.001]",0.0,0.001,TGATGGTACTTTCC
10,TGATGGTACTTTCC,"[-1.9118999985903502, 1.629272346278383]",-1.9118999985903502,1.629272346278383,TGATGGTACTTTCC
2,TGATGGTACTTTCC,"[-0.02240000033378601, 0.09196869169491972]",-0.02240000033378601,0.09196869169491972,TGATGGTACTTTCC
5,TGATGGTACTTTCC,"[-0.581099998779595, 0.9908848469893156]",-0.581099998779595,0.9908848469893156,TGATGGTACTTTCC
1,AGCTGGCAGAGGCC,"[-2.5, 0.001]",-2.5,0.001,AGCTGGCAGAGGCC
10,AGCTGGCAGAGGCC,"[-4.047399992465973, 1.8260047152420666]",-4.047399992465973,1.8260047152420666,AGCTGGCAGAGGCC
2,AGCTGGCAGAGGCC,"[-2.5, 0.001]",-2.5,0.001,AGCTGGCAGAGGCC
5,AGCTGGCAGAGGCC,"[-2.7022999963760377, 0.5872518278724748]",-2.7022999963760377,0.5872518278724748,AGCTGGCAGAGGCC
1,CGCTGGGAGCAGCA,"[-5.699999809265137, 0.001]",-5.699999809265137,0.001,CGCTGGGAGCAGCA
10,CGCTGGGAGCAGCA,"[-6.225399878978729, 1.0681549516251307]",-6.225399878978729,1.0681549516251307,CGCTGGGAGCAGCA
2,CGCTGGGAGCAGCA,"[-5.699999809265137, 0.001]",-5.699999809265137,0.001,CGCTGGGAGCAGCA
5,CGCTGGGAGCAGCA,"[-5.812099822044373, 0.5367714788739933]",-5.812099822044373,0.5367714788739933,CGCTGGGAGCAGCA
1,ACCAGGATGTCCAT,"[-0.7242999938726425, 0.04288951943245372]",-0.7242999938726425,0.04288951943245372,ACCAGGATGTCCAT
10,ACCAGGATGTCCAT,"[-2.681600000023842, 1.906531267417181]",-2.681600000023842,1.906531267417181,ACCAGGATGTCCAT
2,ACCAGGATGTCCAT,"[-0.9812999929785728, 0.9670058506345355]",-0.9812999929785728,0.9670058506345355,ACCAGGATGTCCAT
5,ACCAGGATGTCCAT,"[-1.4146999984383584, 1.254876067601343]",-1.4146999984383584,1.254876067601343,ACCAGGATGTCCAT
1,GCAAGGTGGACCCT,"[-0.5, 0.001]",-0.5,0.001,GCAAGGTGGACCCT
10,GCAAGGTGGACCCT,"[-3.6544000014066698, 2.395850719904985]",-3.6544000014066698,2.395850719904985,GCAAGGTGGACCCT
2,GCAAGGTGGACCCT,"[-0.7988000123500824, 0.8295773673958144]",-0.7988000123500824,0.8295773673958144,GCAAGGTGGACCCT
5,GCAAGGTGGACCCT,"[-1.9144999943971635, 1.7085958364428093]",-1.9144999943971635,1.7085958364428093,GCAAGGTGGACCCT
1,TCGAGGTGTACAAC,"[0.0, 0.001]",0.0,0.001,TCGAGGTGTACAAC
10,TCGAGGTGTACAAC,"[-2.338200001239777, 1.879968290755502]",-2.338200001239777,1.879968290755502,TCGAGGTGTACAAC
2,TCGAGGTGTACAAC,"[0.0, 0.001]",0.0,0.001,TCGAGGTGTACAAC
5,TCGAGGTGTACAAC,"[-0.6447999976947903, 1.0745570942701]",-0.6447999976947903,1.0745570942701,TCGAGGTGTACAAC
1,GCGAGGCCTTCAGG,"[-0.6075, 1.072237730169947]",-0.6075,1.072237730169947,GCGAGGCCTTCAGG
10,GCGAGGCCTTCAGG,"[-3.681900005027652, 2.429959346806592]",-3.681900005027652,2.429959346806592,GCGAGGCCTTCAGG
2,GCGAGGCCTTCAGG,"[-0.749300001502037, 1.1784648996605565]",-0.749300001502037,1.1784648996605565,GCGAGGCCTTCAGG
5,GCGAGGCCTTCAGG,"[-1.8529000040516257, 1.867423785800349]",-1.8529000040516257,1.867423785800349,GCGAGGCCTTCAGG
1,ACACGGTGGGAGCC,"[-1.399999976158142, 0.001]",-1.399999976158142,0.001,ACACGGTGGGAGCC
10,ACACGGTGGGAGCC,"[-4.044399995923042, 2.425944902710962]",-4.044399995923042,2.425944902710962,ACACGGTGGGAGCC
2,ACACGGTGGGAGCC,"[-1.5175999774932862, 0.4828356296852783]",-1.5175999774932862,0.4828356296852783,ACACGGTGGGAGCC
5,ACACGGTGGGAGCC,"[-2.278799980163574, 1.3706606305160005]",-2.278799980163574,1.3706606305160005,ACACGGTGGGAGCC
1,GAGAGGATGCCCCT,"[-1.100000023841858, 0.001]",-1.100000023841858,0.001,GAGAGGATGCCCCT
10,GAGAGGATGCCCCT,"[-3.2064000071287153, 2.2726414253496445]",-3.2064000071287153,2.2726414253496445,GAGAGGATGCCCCT
2,GAGAGGATGCCCCT,"[-1.2134000251293182, 0.4746371720749833]",-1.2134000251293182,0.4746371720749833,GAGAGGATGCCCCT
5,GAGAGGATGCCCCT,"[-1.8085000133514404, 1.3549308959421331]",-1.8085000133514404,1.3549308959421331,GAGAGGATGCCCCT
1,CTGAGGTGTGGGAT,"[-0.5128000153899193, 0.5216092203538804]",-0.5128000153899193,0.5216092203538804,CTGAGGTGTGGGAT
10,CTGAGGTGTGGGAT,"[-3.9236000028401614, 2.4626455461678103]",-3.9236000028401614,2.4626455461678103,CTGAGGTGTGGGAT
2,CTGAGGTGTGGGAT,"[-1.1504000026285648, 1.1106033957955694]",-1.1504000026285648,1.1106033957955694,CTGAGGTGTGGGAT
5,CTGAGGTGTGGGAT,"[-2.450300001420081, 1.9545127063086067]",-2.450300001420081,1.9545127063086067,CTGAGGTGTGGGAT
1,CCAAGGCCAGCAGC,"[-0.21869999420642852, 0.3860055726355251]",-0.21869999420642852,0.3860055726355251,CCAAGGCCAGCAGC
10,CCAAGGCCAGCAGC,"[-3.1582000028193, 2.642175760835263]",-3.1582000028193,2.642175760835263,CCAAGGCCAGCAGC
2,CCAAGGCCAGCAGC,"[-0.6287999902963638, 1.2459977917435954]",-0.6287999902963638,1.2459977917435954,CCAAGGCCAGCAGC
5,CCAAGGCCAGCAGC,"[-1.5516000057905912, 1.9077257355934678]",-1.5516000057905912,1.9077257355934678,CCAAGGCCAGCAGC
1,CAGAGGATTCCAGA,"[0.0, 0.001]",0.0,0.001,CAGAGGATTCCAGA
10,CAGAGGATTCCAGA,"[-2.0979999960288405, 1.9042888417102815]",-2.0979999960288405,1.9042888417102815,CAGAGGATTCCAGA
2,CAGAGGATTCCAGA,"[-0.02240000033378601, 0.09196869169491972]",-0.02240000033378601,0.09196869169491972,CAGAGGATTCCAGA
5,CAGAGGATTCCAGA,"[-0.6482999979406595, 1.0559721097691293]",-0.6482999979406595,1.0559721097691293,CAGAGGATTCCAGA
1,CCGAGGGGACTATG,"[-1.8608999935388566, 0.5583199521312369]",-1.8608999935388566,0.5583199521312369,CCGAGGGGACTATG
10,CCGAGGGGACTATG,"[-4.122799997448921, 2.0752735171119263]",-4.122799997448921,2.0752735171119263,CCGAGGGGACTATG
2,CCGAGGGGACTATG,"[-2.4172999992370605, 1.319071904483662]",-2.4172999992370605,1.319071904483662,CCGAGGGGACTATG
5,CCGAGGGGACTATG,"[-3.158899998307228, 1.809093911026368]",-3.158899998307228,1.809093911026368,CCGAGGGGACTATG
1,CTGTGGATGCACAT,"[-3.299999952316284, 0.001]",-3.299999952316284,0.001,CTGTGGATGCACAT
10,CTGTGGATGCACAT,"[-3.9942999711036684, 1.175847589438058]",-3.9942999711036684,1.175847589438058,CTGTGGATGCACAT
2,CTGTGGATGCACAT,"[-3.299999952316284, 0.001]",-3.299999952316284,0.001,CTGTGGATGCACAT
5,CTGTGGATGCACAT,"[-3.416299957513809, 0.5049201134436432]",-3.416299957513809,0.5049201134436432,CTGTGGATGCACAT
1,CCGTGGTGACTCCT,"[-0.4000000059604645, 0.001]",-0.4000000059604645,0.001,CCGTGGTGACTCCT
10,CCGTGGTGACTCCT,"[-3.187000000089407, 2.1562168235395798]",-3.187000000089407,2.1562168235395798,CCGTGGTGACTCCT
2,CCGTGGTGACTCCT,"[-0.5002000107169151, 0.22908506063226322]",-0.5002000107169151,0.22908506063226322,CCGTGGTGACTCCT
5,CCGTGGTGACTCCT,"[-1.3580000033974648, 1.2475399766138384]",-1.3580000033974648,1.2475399766138384,CCGTGGTGACTCCT
1,CACTGGCTCTTCGG,"[-0.17290000257641078, 0.1286685295377041]",-0.17290000257641078,0.1286685295377041,CACTGGCTCTTCGG
10,CACTGGCTCTTCGG,"[-3.023100001811981, 2.344034218365619]",-3.023100001811981,2.344034218365619,CACTGGCTCTTCGG
2,CACTGGCTCTTCGG,"[-0.39559999980032445, 0.6112451529261327]",-0.39559999980032445,0.6112451529261327,CACTGGCTCTTCGG
5,CACTGGCTCTTCGG,"[-1.2373000007271766, 1.4370520869921495]",-1.2373000007271766,1.4370520869921495,CACTGGCTCTTCGG
1,AGATGGTGGCTGAG,"[-0.15600000619888305, 0.26318055685139097]",-0.15600000619888305,0.26318055685139097,AGATGGTGGCTGAG
10,AGATGGTGGCTGAG,"[-3.4350000024586915, 2.466567457764321]",-3.4350000024586915,2.466567457764321,AGATGGTGGCTGAG
2,AGATGGTGGCTGAG,"[-0.2780000075697899, 0.5805480315396995]",-0.2780000075697899,0.5805480315396995,AGATGGTGGCTGAG
5,AGATGGTGGCTGAG,"[-1.3930000070855022, 1.652625487711745]",-1.3930000070855022,1.652625487711745,AGATGGTGGCTGAG
1,CCGAGGCCACTTGC,"[-2.4000000953674316, 0.001]",-2.4000000953674316,0.001,CCGAGGCCACTTGC
10,CCGAGGCCACTTGC,"[-3.892400044441223, 1.9988351972739573]",-3.892400044441223,1.9988351972739573,CCGAGGCCACTTGC
2,CCGAGGCCACTTGC,"[-2.5350000953674314, 0.5650442460551209]",-2.5350000953674314,0.5650442460551209,CCGAGGCCACTTGC
5,CCGAGGCCACTTGC,"[-2.776100067853928, 0.925969072334211]",-2.776100067853928,0.925969072334211,CCGAGGCCACTTGC
1,TTGCGGCAAAAGAT,"[0.0, 0.001]",0.0,0.001,TTGCGGCAAAAGAT
10,TTGCGGCAAAAGAT,"[-2.349000003732741, 1.9530691278441383]",-2.349000003732741,1.9530691278441383,TTGCGGCAAAAGAT
2,TTGCGGCAAAAGAT,"[-0.20389999842643738, 0.4398804223629777]",-0.20389999842643738,0.4398804223629777,TTGCGGCAAAAGAT
5,TTGCGGCAAAAGAT,"[-0.9981999982371926, 1.3137719558274625]",-0.9981999982371926,1.3137719558274625,TTGCGGCAAAAGAT
1,CCACGGCCAGTCCC,"[-0.1215, 0.21444754603398938]",-0.1215,0.21444754603398938,CCACGGCCAGTCCC
10,CCACGGCCAGTCCC,"[-3.168299999371171, 2.7192545122894836]",-3.168299999371171,2.7192545122894836,CCACGGCCAGTCCC
2,CCACGGCCAGTCCC,"[-0.5685999819636345, 1.1337962495721436]",-0.5685999819636345,1.1337962495721436,CCACGGCCAGTCCC
5,CCACGGCCAGTCCC,"[-1.481100004337728, 1.8200804395378665]",-1.481100004337728,1.8200804395378665,CCACGGCCAGTCCC
1,CGCAGGATAAACCA,"[-0.20000000298023224, 0.001]",-0.20000000298023224,0.001,CGCAGGATAAACCA
10,CGCAGGATAAACCA,"[-2.129800003916025, 1.6960341891810302]",-2.129800003916025,1.6960341891810302,CGCAGGATAAACCA
2,CGCAGGATAAACCA,"[-0.27420000368356706, 0.1722624761887278]",-0.27420000368356706,0.1722624761887278,CGCAGGATAAACCA
5,CGCAGGATAAACCA,"[-0.7307000025808811, 0.7870498738335048]",-0.7307000025808811,0.7870498738335048,CGCAGGATAAACCA
1,GAGTGGAGCAGGTT,"[0.0, 0.001]",0.0,0.001,GAGTGGAGCAGGTT
10,GAGTGGAGCAGGTT,"[-2.898499998152256, 2.137818453773791]",-2.898499998152256,2.137818453773791,GAGTGGAGCAGGTT
2,GAGTGGAGCAGGTT,"[-0.15299999988079072, 0.37882845375674556]",-0.15299999988079072,0.37882845375674556,GAGTGGAGCAGGTT
5,GAGTGGAGCAGGTT,"[-1.1112000036016108, 1.4267075991570577]",-1.1112000036016108,1.4267075991570577,GAGTGGAGCAGGTT
1,GCAAGGTTGGTCAG,"[-0.2673000057935715, 0.4717846115004325]",-0.2673000057935715,0.4717846115004325,GCAAGGTTGGTCAG
10,GCAAGGTTGGTCAG,"[-2.9794999999329446, 2.0677886204767555]",-2.9794999999329446,2.0677886204767555,GCAAGGTTGGTCAG
2,GCAAGGTTGGTCAG,"[-0.5747999982833862, 0.7825502893334372]",-0.5747999982833862,0.7825502893334372,GCAAGGTTGGTCAG
5,GCAAGGTTGGTCAG,"[-1.516999995470047, 1.552646446153121]",-1.516999995470047,1.552646446153121,GCAAGGTTGGTCAG
1,GAGAGGACCACAGT,"[-0.17009999710321427, 0.3002265593347573]",-0.17009999710321427,0.3002265593347573,GAGAGGACCACAGT
10,GAGAGGACCACAGT,"[-2.497699998237193, 2.157800892374409]",-2.497699998237193,2.157800892374409,GAGAGGACCACAGT
2,GAGAGGACCACAGT,"[-0.38810000276565554, 0.5639045964857357]",-0.38810000276565554,0.5639045964857357,GAGAGGACCACAGT
5,GAGAGGACCACAGT,"[-1.1060999976843595, 1.32067134294146]",-1.1060999976843595,1.32067134294146,GAGAGGACCACAGT
1,CAGTGGGGACCACG,"[-3.5999999046325684, 0.001]",-3.5999999046325684,0.001,CAGTGGGGACCACG
10,CAGTGGGGACCACG,"[-4.830999955177307, 1.7696494222045627]",-4.830999955177307,1.7696494222045627,CAGTGGGGACCACG
2,CAGTGGGGACCACG,"[-3.5999999046325684, 0.001]",-3.5999999046325684,0.001,CAGTGGGGACCACG
5,CAGTGGGGACCACG,"[-3.882799922943115, 0.8132307245522786]",-3.882799922943115,0.8132307245522786,CAGTGGGGACCACG
1,CCCAGGCCGGCGGT,"[-1.8445999798178674, 1.5464057443704977]",-1.8445999798178674,1.5464057443704977,CCCAGGCCGGCGGT
10,CCCAGGCCGGCGGT,"[-4.921799997627735, 2.7877598181746968]",-4.921799997627735,2.7877598181746968,CCCAGGCCGGCGGT
2,CCCAGGCCGGCGGT,"[-2.277699988126755, 1.7778336920828972]",-2.277699988126755,1.7778336920828972,CCCAGGCCGGCGGT
5,CCCAGGCCGGCGGT,"[-3.4132000039219856, 2.2255439410177726]",-3.4132000039219856,2.2255439410177726,CCCAGGCCGGCGGT
1,CCACGGGTTTTGCC,"[-0.4000000059604645, 0.001]",-0.4000000059604645,0.001,CCACGGGTTTTGCC
10,CCACGGGTTTTGCC,"[-3.656999989271164, 2.0950348374532703]",-3.656999989271164,2.0950348374532703,CCACGGGTTTTGCC
2,CCACGGGTTTTGCC,"[-0.7263000050485134, 0.46989180173906664]",-0.7263000050485134,0.46989180173906664,CCACGGGTTTTGCC
5,CCACGGGTTTTGCC,"[-1.8640999991297722, 1.3583744657110952]",-1.8640999991297722,1.3583744657110952,CCACGGGTTTTGCC
1,TGCCGGAACAAGAA,"[0.0, 0.001]",0.0,0.001,TGCCGGAACAAGAA
10,TGCCGGAACAAGAA,"[-2.2105999976471065, 1.9473129284391144]",-2.2105999976471065,1.9473129284391144,TGCCGGAACAAGAA
2,TGCCGGAACAAGAA,"[-0.21399999988079071, 0.4801291450350365]",-0.21399999988079071,0.4801291450350365,TGCCGGAACAAGAA
5,TGCCGGAACAAGAA,"[-0.8307999966591597, 1.1606081820761995]",-0.8307999966591597,1.1606081820761995,TGCCGGAACAAGAA
1,CCCCGGACGCAGGC,"[-0.5429999974370002, 0.4288950665038392]",-0.5429999974370002,0.4288950665038392,CCCCGGACGCAGGC
10,CCCCGGACGCAGGC,"[-3.3783000010848045, 2.4355120823247094]",-3.3783000010848045,2.4355120823247094,CCCCGGACGCAGGC
2,CCCCGGACGCAGGC,"[-0.7607000085115433, 0.5959072990628422]",-0.7607000085115433,0.5959072990628422,CCCCGGACGCAGGC
5,CCCCGGACGCAGGC,"[-1.6160000007748603, 1.5408517059174014]",-1.6160000007748603,1.5408517059174014,CCCCGGACGCAGGC
1,GTGAGGCCAGTGGC,"[-1.3728999696969986, 0.12866855829736118]",-1.3728999696969986,0.12866855829736118,GTGAGGCCAGTGGC
10,GTGAGGCCAGTGGC,"[-4.0891999981403355, 2.35994987486756]",-4.0891999981403355,2.35994987486756,GTGAGGCCAGTGGC
2,GTGAGGCCAGTGGC,"[-1.4498999522924423, 0.30430245775654835]",-1.4498999522924423,0.30430245775654835,GTGAGGCCAGTGGC
5,GTGAGGCCAGTGGC,"[-2.467999981999397, 1.5391413371968652]",-2.467999981999397,1.5391413371968652,GTGAGGCCAGTGGC
1,TGTTGGATTTTGGG,"[0.0, 0.001]",0.0,0.001,TGTTGGATTTTGGG
10,TGTTGGATTTTGGG,"[-1.9279000011533498, 1.7635792009679017]",-1.9279000011533498,1.7635792009679017,TGTTGGATTTTGGG
2,TGTTGGATTTTGGG,"[-0.050399998664855956, 0.20692954774831762]",-0.050399998664855956,0.20692954774831762,TGTTGGATTTTGGG
5,TGTTGGATTTTGGG,"[-0.5407999999076128, 0.949997555554666]",-0.5407999999076128,0.949997555554666,TGTTGGATTTTGGG
1,ACCTGGACGGCTCC,"[-0.3729000148177147, 0.12866853273322157]",-0.3729000148177147,0.12866853273322157,ACCTGGACGGCTCC
10,ACCTGGACGGCTCC,"[-3.4321000021994115, 2.3672852794142214]",-3.4321000021994115,2.3672852794142214,ACCTGGACGGCTCC
2,ACCTGGACGGCTCC,"[-0.5835000040531159, 0.646635692597811]",-0.5835000040531159,0.646635692597811,ACCTGGACGGCTCC
5,ACCTGGACGGCTCC,"[-1.5002000037431718, 1.4240856540147506]",-1.5002000037431718,1.4240856540147506,ACCTGGACGGCTCC
1,TCCTGGAACATACA,"[0.0, 0.001]",0.0,0.001,TCCTGGAACATACA
10,TCCTGGAACATACA,"[-1.822500001937151, 1.694840336122933]",-1.822500001937151,1.694840336122933,TCCTGGAACATACA
2,TCCTGGAACATACA,"[-0.19079999494552613, 0.5115421254754497]",-0.19079999494552613,0.5115421254754497,TCCTGGAACATACA
5,TCCTGGAACATACA,"[-0.5970000013932586, 0.9561542772733871]",-0.5970000013932586,0.9561542772733871,TCCTGGAACATACA
1,AAGAGGTATGTCAT,"[0.0, 0.001]",0.0,0.001,AAGAGGTATGTCAT
10,AAGAGGTATGTCAT,"[-2.0423999987617134, 1.7320168121601738]",-2.0423999987617134,1.7320168121601738,AAGAGGTATGTCAT
2,AAGAGGTATGTCAT,"[0.0, 0.001]",0.0,0.001,AAGAGGTATGTCAT
5,AAGAGGTATGTCAT,"[-0.5960000009015203, 0.9796346291078796]",-0.5960000009015203,0.9796346291078796,AAGAGGTATGTCAT
1,CAACGGCCGCATGC,"[-0.14580000579357147, 0.25733706546644314]",-0.14580000579357147,0.25733706546644314,CAACGGCCGCATGC
10,CAACGGCCGCATGC,"[-3.1115999996215105, 2.7798606887140984]",-3.1115999996215105,2.7798606887140984,CAACGGCCGCATGC
2,CAACGGCCGCATGC,"[-0.31670000657439235, 0.6908770790789095]",-0.31670000657439235,0.6908770790789095,CAACGGCCGCATGC
5,CAACGGCCGCATGC,"[-1.3305999973788858, 1.7507037553213283]",-1.3305999973788858,1.7507037553213283,CAACGGCCGCATGC
1,CGACGGGGAGACAT,"[-0.3639999938011169, 0.6140879311270613]",-0.3639999938011169,0.6140879311270613,CGACGGGGAGACAT
10,CGACGGGGAGACAT,"[-3.452399995982647, 2.578188162772511]",-3.452399995982647,2.578188162772511,CGACGGGGAGACAT
2,CGACGGGGAGACAT,"[-1.0286999934315681, 1.4026212149603419]",-1.0286999934315681,1.4026212149603419,CGACGGGGAGACAT
5,CGACGGGGAGACAT,"[-2.0521999990269544, 2.1006463635551165]",-2.0521999990269544,2.1006463635551165,CGACGGGGAGACAT
1,CAGTGGCCCTTCGC,"[-0.20000000298023224, 0.001]",-0.20000000298023224,0.001,CAGTGGCCCTTCGC
10,CAGTGGCCCTTCGC,"[-3.2812000085413455, 2.6643660843443557]",-3.2812000085413455,2.6643660843443557,CAGTGGCCCTTCGC
2,CAGTGGCCCTTCGC,"[-0.49269999454915525, 0.813176902358256]",-0.49269999454915525,0.813176902358256,CAGTGGCCCTTCGC
5,CAGTGGCCCTTCGC,"[-1.3105000005066394, 1.7000116838491535]",-1.3105000005066394,1.7000116838491535,CAGTGGCCCTTCGC
1,CCGTGGAAGATTAT,"[0.0, 0.001]",0.0,0.001,CCGTGGAAGATTAT
10,CCGTGGAAGATTAT,"[-2.076600000105798, 1.74331077128411]",-2.076600000105798,1.74331077128411,CCGTGGAAGATTAT
2,CCGTGGAAGATTAT,"[-0.03360000133514404, 0.13795304096848027]",-0.03360000133514404,0.13795304096848027,CCGTGGAAGATTAT
5,CCGTGGAAGATTAT,"[-0.4715000009611249, 0.8532278427000669]",-0.4715000009611249,0.8532278427000669,CCGTGGAAGATTAT
1,GTATGGCATGAAGT,"[0.0, 0.001]",0.0,0.001,GTATGGCATGAAGT
10,GTATGGCATGAAGT,"[-2.2704999995082615, 1.8753345723203123]",-2.2704999995082615,1.8753345723203123,GTATGGCATGAAGT
2,GTATGGCATGAAGT,"[-0.14239999800920486, 0.4375182628495646]",-0.14239999800920486,0.4375182628495646,GTATGGCATGAAGT
5,GTATGGCATGAAGT,"[-1.0213999988660216, 1.319053460657957]",-1.0213999988660216,1.319053460657957,GTATGGCATGAAGT
1,CCAAGGTTCTCATC,"[0.0, 0.001]",0.0,0.001,CCAAGGTTCTCATC
10,CCAAGGTTCTCATC,"[-2.0824999997839333, 1.966876653500157]",-2.0824999997839333,1.966876653500157,CCAAGGTTCTCATC
2,CCAAGGTTCTCATC,"[0.0, 0.001]",0.0,0.001,CCAAGGTTCTCATC
5,CCAAGGTTCTCATC,"[-0.8335000042170286, 1.3606571093456823]",-0.8335000042170286,1.3606571093456823,CCAAGGTTCTCATC
1,GTGAGGCTCCCAGG,"[-0.243, 0.42889509206797877]",-0.243,0.42889509206797877,GTGAGGCTCCCAGG
10,GTGAGGCTCCCAGG,"[-3.48810000012815, 2.5092844413025226]",-3.48810000012815,2.5092844413025226,GTGAGGCTCCCAGG
2,GTGAGGCTCCCAGG,"[-0.7263000038266182, 1.0092166958554278]",-0.7263000038266182,1.0092166958554278,GTGAGGCTCCCAGG
5,GTGAGGCTCCCAGG,"[-1.7785000017434358, 1.8959609065660266]",-1.7785000017434358,1.8959609065660266,GTGAGGCTCCCAGG
1,ACCAGGTAGACGGC,"[-0.4000000059604645, 0.001]",-0.4000000059604645,0.001,ACCAGGTAGACGGC
10,ACCAGGTAGACGGC,"[-2.601499998599291, 1.9863704948447214]",-2.601499998599291,1.9863704948447214,ACCAGGTAGACGGC
2,ACCAGGTAGACGGC,"[-0.4540000027418137, 0.2137381448268956]",-0.4540000027418137,0.2137381448268956,ACCAGGTAGACGGC
5,ACCAGGTAGACGGC,"[-1.0327999998927115, 1.1071874922644622]",-1.0327999998927115,1.1071874922644622,ACCAGGTAGACGGC
1,CAGTGGAGGAACTT,"[-0.5, 0.001]",-0.5,0.001,CAGTGGAGGAACTT
10,CAGTGGAGGAACTT,"[-2.748500001311302, 1.9827702346014155]",-2.748500001311302,1.9827702346014155,CAGTGGAGGAACTT
2,CAGTGGAGGAACTT,"[-0.6905999940037727, 0.43716315829964586]",-0.6905999940037727,0.43716315829964586,CAGTGGAGGAACTT
5,CAGTGGAGGAACTT,"[-1.3154999978542328, 1.2814326973384018]",-1.3154999978542328,1.2814326973384018,CAGTGGAGGAACTT
1,TGATGGCAGTGCTT,"[-0.20400000110268593, 0.1754536969420745]",-0.20400000110268593,0.1754536969420745,TGATGGCAGTGCTT
10,TGATGGCAGTGCTT,"[-3.3198000037521123, 2.2734044902024872]",-3.3198000037521123,2.2734044902024872,TGATGGCAGTGCTT
2,TGATGGCAGTGCTT,"[-0.48469999244064094, 0.7752908307085822]",-0.48469999244064094,0.7752908307085822,TGATGGCAGTGCTT
5,TGATGGCAGTGCTT,"[-1.8219000025615095, 1.9606096986936765]",-1.8219000025615095,1.9606096986936765,TGATGGCAGTGCTT
1,CGTAGGCAGCCAGG,"[-0.46169999420642854, 0.8149006647035038]",-0.46169999420642854,0.8149006647035038,CGTAGGCAGCCAGG
10,CGTAGGCAGCCAGG,"[-3.473999997600913, 2.557480012327678]",-3.473999997600913,2.557480012327678,CGTAGGCAGCCAGG
2,CGTAGGCAGCCAGG,"[-0.8346999908685684, 1.3553618776901755]",-0.8346999908685684,1.3553618776901755,CGTAGGCAGCCAGG
5,CGTAGGCAGCCAGG,"[-1.862800000667572, 2.069351629874467]",-1.862800000667572,2.069351629874467,CGTAGGCAGCCAGG
1,AAGAGGTCGGCAAT,"[0.0, 0.001]",0.0,0.001,AAGAGGTCGGCAAT
10,AAGAGGTCGGCAAT,"[-3.1467999943494798, 2.424134840682789]",-3.1467999943494798,2.424134840682789,AAGAGGTCGGCAAT
2,AAGAGGTCGGCAAT,"[-0.045499999426305296, 0.1612443770690341]",-0.045499999426305296,0.1612443770690341,AAGAGGTCGGCAAT
5,AAGAGGTCGGCAAT,"[-1.1691000042930246, 1.5875059764863557]",-1.1691000042930246,1.5875059764863557,AAGAGGTCGGCAAT
1,TCGCGGAGATGGCA,"[-1.4214999523162841, 0.21444754603398938]",-1.4214999523162841,0.21444754603398938,TCGCGGAGATGGCA
10,TCGCGGAGATGGCA,"[-4.132900000691414, 2.191302725300493]",-4.132900000691414,2.191302725300493,TCGCGGAGATGGCA
2,TCGCGGAGATGGCA,"[-1.618299971461296, 0.6393083080204036]",-1.618299971461296,0.6393083080204036,TCGCGGAGATGGCA
5,TCGCGGAGATGGCA,"[-2.8930999888181685, 1.7727386839715793]",-2.8930999888181685,1.7727386839715793,TCGCGGAGATGGCA
1,CAAAGGCAAGTAGC,"[-0.21869999420642852, 0.3860055726355251]",-0.21869999420642852,0.3860055726355251,CAAAGGCAAGTAGC
10,CAAAGGCAAGTAGC,"[-2.0918999960795044, 1.8486763789318352]",-2.0918999960795044,1.8486763789318352,CAAAGGCAAGTAGC
2,CAAAGGCAAGTAGC,"[-0.42830000215768815, 0.7904866303398498]",-0.42830000215768815,0.7904866303398498,CAAAGGCAAGTAGC
5,CAAAGGCAAGTAGC,"[-1.0858000001981853, 1.3565170009997651]",-1.0858000001981853,1.3565170009997651,CAAAGGCAAGTAGC
1,ATGAGGCACCCGAC,"[0.0, 0.001]",0.0,0.001,ATGAGGCACCCGAC
10,ATGAGGCACCCGAC,"[-2.80570000000298, 2.5178358827617777]",-2.80570000000298,2.5178358827617777,ATGAGGCACCCGAC
2,ATGAGGCACCCGAC,"[-0.07740000075101852, 0.21869897367242486]",-0.07740000075101852,0.21869897367242486,ATGAGGCACCCGAC
5,ATGAGGCACCCGAC,"[-1.0172999997213483, 1.4837825677229213]",-1.0172999997213483,1.4837825677229213,ATGAGGCACCCGAC
1,CTATGGATTGCCCG,"[-0.6486000209450722, 0.08577901330076783]",-0.6486000209450722,0.08577901330076783,CTATGGATTGCCCG
10,CTATGGATTGCCCG,"[-3.0149000056385993, 2.2202585384345297]",-3.0149000056385993,2.2202585384345297,CTATGGATTGCCCG
2,CTATGGATTGCCCG,"[-0.8566000150442123, 0.789364553201921]",-0.8566000150442123,0.789364553201921,CTATGGATTGCCCG
5,CTATGGATTGCCCG,"[-1.5353000157475472, 1.5677320936200774]",-1.5353000157475472,1.5677320936200774,CTATGGATTGCCCG
1,CCCAGGTAGAGCCT,"[-1.7999999523162842, 0.001]",-1.7999999523162842,0.001,CCCAGGTAGAGCCT
10,CCCAGGTAGAGCCT,"[-3.6100999774932863, 1.9404453110213997]",-3.6100999774932863,1.9404453110213997,CCCAGGTAGAGCCT
2,CCCAGGTAGAGCCT,"[-1.8863999600410462, 0.36162834980736847]",-1.8863999600410462,0.36162834980736847,CCCAGGTAGAGCCT
5,CCCAGGTAGAGCCT,"[-2.336899967908859, 0.9821753542084539]",-2.336899967908859,0.9821753542084539,CCCAGGTAGAGCCT
1,TGCTGGCTGCACCC,"[-2.7557999744415285, 1.2155272614378085]",-2.7557999744415285,1.2155272614378085,TGCTGGCTGCACCC
10,TGCTGGCTGCACCC,"[-4.604899959802627, 2.416022757208166]",-4.604899959802627,2.416022757208166,TGCTGGCTGCACCC
2,TGCTGGCTGCACCC,"[-2.95219993019104, 1.7074059504594874]",-2.95219993019104,1.7074059504594874,TGCTGGCTGCACCC
5,TGCTGGCTGCACCC,"[-3.488799942970276, 2.0286139332091526]",-3.488799942970276,2.0286139332091526,TGCTGGCTGCACCC
1,TCGCGGGCCTAGGC,"[-0.6000000238418579, 0.001]",-0.6000000238418579,0.001,TCGCGGGCCTAGGC
10,TCGCGGGCCTAGGC,"[-3.923300002217293, 2.7389207841163663]",-3.923300002217293,2.7389207841163663,TCGCGGGCCTAGGC
2,TCGCGGGCCTAGGC,"[-0.7539000144004822, 0.5652298284035474]",-0.7539000144004822,0.5652298284035474,TCGCGGGCCTAGGC
5,TCGCGGGCCTAGGC,"[-1.6870000061392785, 1.5941991600488925]",-1.6870000061392785,1.5941991600488925,TCGCGGGCCTAGGC
1,AGGTGGAGATTAAC,"[0.0, 0.001]",0.0,0.001,AGGTGGAGATTAAC
10,AGGTGGAGATTAAC,"[-2.123000000111759, 1.9900128126056895]",-2.123000000111759,1.9900128126056895,AGGTGGAGATTAAC
2,AGGTGGAGATTAAC,"[-0.01680000066757202, 0.06897652048424013]",-0.01680000066757202,0.06897652048424013,AGGTGGAGATTAAC
5,AGGTGGAGATTAAC,"[-0.5099999985098839, 0.9001666432055311]",-0.5099999985098839,0.9001666432055311,AGGTGGAGATTAAC
1,GAGAGGTGTATGCA,"[0.0, 0.001]",0.0,0.001,GAGAGGTGTATGCA
10,GAGAGGTGTATGCA,"[-2.6620999934747815, 2.15688051300645]",-2.6620999934747815,2.15688051300645,GAGAGGTGTATGCA
2,GAGAGGTGTATGCA,"[-0.03360000133514404, 0.13795304096848027]",-0.03360000133514404,0.13795304096848027,GAGAGGTGTATGCA
5,GAGAGGTGTATGCA,"[-0.8339000001996756, 1.2395244206611868]",-0.8339000001996756,1.2395244206611868,GAGAGGTGTATGCA
1,CACTGGTGGAAGGT,"[-0.26, 0.43863424398922624]",-0.26,0.43863424398922624,CACTGGTGGAAGGT
10,CACTGGTGGAAGGT,"[-3.24799999640882, 2.2436256272127406]",-3.24799999640882,2.2436256272127406,CACTGGTGGAAGGT
2,CACTGGTGGAAGGT,"[-0.523199995085597, 0.7414322199127344]",-0.523199995085597,0.7414322199127344,CACTGGTGGAAGGT
5,CACTGGTGGAAGGT,"[-1.6581999983638525, 1.7663274727021934]",-1.6581999983638525,1.7663274727021934,CACTGGTGGAAGGT
1,ACCCGGAGCAGAGC,"[0.0, 0.001]",0.0,0.001,ACCCGGAGCAGAGC
10,ACCCGGAGCAGAGC,"[-2.661400002203882, 2.277452538374237]",-2.661400002203882,2.277452538374237,ACCCGGAGCAGAGC
2,ACCCGGAGCAGAGC,"[-0.05460000216960907, 0.1572858606679774]",-0.05460000216960907,0.1572858606679774,ACCCGGAGCAGAGC
5,ACCCGGAGCAGAGC,"[-0.9186000025719404, 1.3581804204401315]",-0.9186000025719404,1.3581804204401315,ACCCGGAGCAGAGC
1,ACGTGGAGCGTCTT,"[-2.150000040054321, 1.5030702753966372]",-2.150000040054321,1.5030702753966372,ACGTGGAGCGTCTT
10,ACGTGGAGCGTCTT,"[-3.9469000071287157, 2.0372114349502835]",-3.9469000071287157,2.0372114349502835,ACGTGGAGCGTCTT
2,ACGTGGAGCGTCTT,"[-2.2084000301361084, 1.6277867333509815]",-2.2084000301361084,1.6277867333509815,ACGTGGAGCGTCTT
5,ACGTGGAGCGTCTT,"[-2.7486000097990035, 1.8267397511342915]",-2.7486000097990035,1.8267397511342915,ACGTGGAGCGTCTT
1,CAAAGGAGCTGCCG,"[-0.42150001192092895, 0.21444754603398938]",-0.42150001192092895,0.21444754603398938,CAAAGGAGCTGCCG
10,CAAAGGAGCTGCCG,"[-3.688500001758337, 2.4860687354486806]",-3.688500001758337,2.4860687354486806,CAAAGGAGCTGCCG
2,CAAAGGAGCTGCCG,"[-0.7729000070691109, 1.0908508498066425]",-0.7729000070691109,1.0908508498066425,CAAAGGAGCTGCCG
5,CAAAGGAGCTGCCG,"[-2.090600008785725, 1.990590784195102]",-2.090600008785725,1.990590784195102,CAAAGGAGCTGCCG
1,AAGAGGCCAGAAGG,"[0.0, 0.001]",0.0,0.001,AAGAGGCCAGAAGG
10,AAGAGGCCAGAAGG,"[-2.5570000030472873, 2.402163818184182]",-2.5570000030472873,2.402163818184182,AAGAGGCCAGAAGG
2,AAGAGGCCAGAAGG,"[-0.04859999871253967, 0.2034159231911617]",-0.04859999871253967,0.2034159231911617,AAGAGGCCAGAAGG
5,AAGAGGCCAGAAGG,"[-0.9156999980583787, 1.3869980173894612]",-0.9156999980583787,1.3869980173894612,AAGAGGCCAGAAGG
1,ACGAGGTAGGCAGA,"[0.0, 0.001]",0.0,0.001,ACGAGGTAGGCAGA
10,ACGAGGTAGGCAGA,"[-2.855499993018806, 2.3258309721556705]",-2.855499993018806,2.3258309721556705,ACGAGGTAGGCAGA
2,ACGAGGTAGGCAGA,"[-0.1845, 0.49265581291607635]",-0.1845,0.49265581291607635,ACGAGGTAGGCAGA
5,ACGAGGTAGGCAGA,"[-1.0960999921560288, 1.513636265541601]",-1.0960999921560288,1.513636265541601,ACGAGGTAGGCAGA
1,CCGCGGTGTGGTGA,"[-3.4821999406814577, 0.8611754232187838]",-3.4821999406814577,0.8611754232187838,CCGCGGTGTGGTGA
10,CCGCGGTGTGGTGA,"[-5.179399992227554, 1.9526739716246668]",-5.179399992227554,1.9526739716246668,CCGCGGTGTGGTGA
2,CCGCGGTGTGGTGA,"[-3.9862999889850617, 1.4552533496942337]",-3.9862999889850617,1.4552533496942337,CCGCGGTGTGGTGA
5,CCGCGGTGTGGTGA,"[-4.303999992847443, 1.5475542057151443]",-4.303999992847443,1.5475542057151443,CCGCGGTGTGGTGA
1,CAGAGGTAAGCACC,"[-0.5701000103056431, 0.300226572116827]",-0.5701000103056431,0.300226572116827,CAGAGGTAAGCACC
10,CAGAGGTAAGCACC,"[-2.5540999992489817, 1.9191725275955034]",-2.5540999992489817,1.9191725275955034,CAGAGGTAAGCACC
2,CAGAGGTAAGCACC,"[-0.5627000033259392, 0.297554544669219]",-0.5627000033259392,0.297554544669219,CAGAGGTAAGCACC
5,CAGAGGTAAGCACC,"[-1.2190000049471854, 1.1106570161496596]",-1.2190000049471854,1.1106570161496596,CAGAGGTAAGCACC
1,CTGAGGAACAGCAG,"[-1.4173999541923403, 1.872243822798699]",-1.4173999541923403,1.872243822798699,CTGAGGAACAGCAG
10,CTGAGGAACAGCAG,"[-2.899500006467104, 1.8574471127011027]",-2.899500006467104,1.8574471127011027,CTGAGGAACAGCAG
2,CTGAGGAACAGCAG,"[-1.5446000072956085, 1.7999196969322713]",-1.5446000072956085,1.7999196969322713,CTGAGGAACAGCAG
5,CTGAGGAACAGCAG,"[-1.9964000062942504, 1.9049952993469643]",-1.9964000062942504,1.9049952993469643,CTGAGGAACAGCAG
1,CCAAGGGAGACAGC,"[-0.4366000121831894, 0.4629691676346812]",-0.4366000121831894,0.4629691676346812,CCAAGGGAGACAGC
10,CCAAGGGAGACAGC,"[-3.0967000032663345, 2.2481590556084483]",-3.0967000032663345,2.2481590556084483,CCAAGGGAGACAGC
2,CCAAGGGAGACAGC,"[-0.8861000051498413, 1.0777183279575544]",-0.8861000051498413,1.0777183279575544,CCAAGGGAGACAGC
5,CCAAGGGAGACAGC,"[-1.7750999958887697, 1.817203886672253]",-1.7750999958887697,1.817203886672253,CCAAGGGAGACAGC
1,ACCCGGGTAATCTC,"[0.0, 0.001]",0.0,0.001,ACCCGGGTAATCTC
10,ACCCGGGTAATCTC,"[-2.4852000035122037, 2.1555140915069106]",-2.4852000035122037,2.1555140915069106,ACCCGGGTAATCTC
2,ACCCGGGTAATCTC,"[-0.028, 0.11496086290559931]",-0.028,0.11496086290559931,ACCCGGGTAATCTC
5,ACCCGGGTAATCTC,"[-0.8663000033274293, 1.2677753457238798]",-0.8663000033274293,1.2677753457238798,ACCCGGGTAATCTC
1,ACTGGGTGACCAGC,"[-5.5, 0.001]",-5.5,0.001,ACTGGGTGACCAGC
10,ACTGGGTGACCAGC,"[-5.85649999666214, 0.9636585204942056]",-5.85649999666214,0.9636585204942056,ACTGGGTGACCAGC
2,ACTGGGTGACCAGC,"[-5.5, 0.001]",-5.5,0.001,ACTGGGTGACCAGC
5,ACTGGGTGACCAGC,"[-5.513999999523163, 0.15389606620440868]",-5.513999999523163,0.15389606620440868,ACTGGGTGACCAGC
1,GCGAGGAGACAGAA,"[0.0, 0.001]",0.0,0.001,GCGAGGAGACAGAA
10,GCGAGGAGACAGAA,"[-2.321199998885393, 1.9542340090128991]",-2.321199998885393,1.9542340090128991,GCGAGGAGACAGAA
2,GCGAGGAGACAGAA,"[-0.15160000133514404, 0.4240017010962353]",-0.15160000133514404,0.4240017010962353,GCGAGGAGACAGAA
5,GCGAGGAGACAGAA,"[-0.771400002874434, 1.2120569524488598]",-0.771400002874434,1.2120569524488598,GCGAGGAGACAGAA
1,ACATGGTGAACAAG,"[0.0, 0.001]",0.0,0.001,ACATGGTGAACAAG
10,ACATGGTGAACAAG,"[-1.9366999995708465, 1.73594444551564]",-1.9366999995708465,1.73594444551564,ACATGGTGAACAAG
2,ACATGGTGAACAAG,"[-0.12460000185668468, 0.3732490377106227]",-0.12460000185668468,0.3732490377106227,ACATGGTGAACAAG
5,ACATGGTGAACAAG,"[-0.7374000014886261, 1.1343373612814212]",-0.7374000014886261,1.1343373612814212,ACATGGTGAACAAG
1,GCGCGGCCAGACTT,"[-0.729, 1.2866852762039365]",-0.729,1.2866852762039365,GCGCGGCCAGACTT
10,GCGCGGCCAGACTT,"[-3.6174999951198696, 2.5251740050345886]",-3.6174999951198696,2.5251740050345886,GCGCGGCCAGACTT
2,GCGCGGCCAGACTT,"[-0.8104999994039536, 1.2691649820557922]",-0.8104999994039536,1.2691649820557922,GCGCGGCCAGACTT
5,GCGCGGCCAGACTT,"[-1.8092000006735325, 1.8638764401727934]",-1.8092000006735325,1.8638764401727934,GCGCGGCCAGACTT
1,CTCTGGCTCCATGG,"[0.0, 0.001]",0.0,0.001,CTCTGGCTCCATGG
10,CTCTGGCTCCATGG,"[-3.0082999983131886, 2.4381552604249785]",-3.0082999983131886,2.4381552604249785,CTCTGGCTCCATGG
2,CTCTGGCTCCATGG,"[-0.23020000016689302, 0.6113492945852802]",-0.23020000016689302,0.6113492945852802,CTCTGGCTCCATGG
5,CTCTGGCTCCATGG,"[-1.229200003221631, 1.5596946447041653]",-1.229200003221631,1.5596946447041653,CTCTGGCTCCATGG
1,AAGAGGCTCCTACA,"[0.0, 0.001]",0.0,0.001,AAGAGGCTCCTACA
10,AAGAGGCTCCTACA,"[-2.8301999994888902, 2.37490378130346]",-2.8301999994888902,2.37490378130346,AAGAGGCTCCTACA
2,AAGAGGCTCCTACA,"[-0.16590000075101852, 0.4622198505056043]",-0.16590000075101852,0.4622198505056043,AAGAGGCTCCTACA
5,AAGAGGCTCCTACA,"[-1.0590000023990869, 1.3821356687238058]",-1.0590000023990869,1.3821356687238058,AAGAGGCTCCTACA
1,ACATGGGTTTCTGT,"[0.0, 0.001]",0.0,0.001,ACATGGGTTTCTGT
10,ACATGGGTTTCTGT,"[-2.5813000022768975, 1.920000082002264]",-2.5813000022768975,1.920000082002264,ACATGGGTTTCTGT
2,ACATGGGTTTCTGT,"[-0.028, 0.11496086290559931]",-0.028,0.11496086290559931,ACATGGGTTTCTGT
5,ACATGGGTTTCTGT,"[-0.9899000014737248, 1.351158020421402]",-0.9899000014737248,1.351158020421402,ACATGGGTTTCTGT
1,CCCTGGTGAGTGAT,"[0.0, 0.001]",0.0,0.001,CCCTGGTGAGTGAT
10,CCCTGGTGAGTGAT,"[-3.163599998809397, 2.1935120287824676]",-3.163599998809397,2.1935120287824676,CCCTGGTGAGTGAT
2,CCCTGGTGAGTGAT,"[-0.338000005915761, 0.46747835077128336]",-0.338000005915761,0.46747835077128336,CCCTGGTGAGTGAT
5,CCCTGGTGAGTGAT,"[-1.2792000021189451, 1.3501804925202898]",-1.2792000021189451,1.3501804925202898,CCCTGGTGAGTGAT
1,GCGAGGAACCCAAA,"[-0.048600000724196436, 0.08577901969180275]",-0.048600000724196436,0.08577901969180275,GCGAGGAACCCAAA
10,GCGAGGAACCCAAA,"[-2.4458999998420476, 2.0584856518119943]",-2.4458999998420476,2.0584856518119943,GCGAGGAACCCAAA
2,GCGAGGAACCCAAA,"[-0.29920000505447386, 0.806894907876311]",-0.29920000505447386,0.806894907876311,GCGAGGAACCCAAA
5,GCGAGGAACCCAAA,"[-0.8822000027000904, 1.3984645793768316]",-0.8822000027000904,1.3984645793768316,GCGAGGAACCCAAA
1,CGATGGCATTCACC,"[-0.46169999420642854, 0.8149006647035038]",-0.46169999420642854,0.8149006647035038,CGATGGCATTCACC
10,CGATGGCATTCACC,"[-2.7173000029549, 1.9746874977965152]",-2.7173000029549,1.9746874977965152,CGATGGCATTCACC
2,CGATGGCATTCACC,"[-0.6715000113248825, 1.0123723515523493]",-0.6715000113248825,1.0123723515523493,CGATGGCATTCACC
5,CGATGGCATTCACC,"[-1.3374999987408518, 1.4626085360104752]",-1.3374999987408518,1.4626085360104752,CGATGGCATTCACC
1,CCATGGTGAGGATG,"[-0.4285999914929271, 0.5160639670679935]",-0.4285999914929271,0.5160639670679935,CCATGGTGAGGATG
10,CCATGGTGAGGATG,"[-3.2616000013276936, 2.0358304041047752]",-3.2616000013276936,2.0358304041047752,CCATGGTGAGGATG
2,CCATGGTGAGGATG,"[-0.8138999998793006, 0.8985859853888928]",-0.8138999998793006,0.8985859853888928,CCATGGTGAGGATG
5,CCATGGTGAGGATG,"[-1.7609000041410328, 1.5396886737323314]",-1.7609000041410328,1.5396886737323314,CCATGGTGAGGATG
1,CCACGGTCACATTC,"[0.0, 0.001]",0.0,0.001,CCACGGTCACATTC
10,CCACGGTCACATTC,"[-2.3165999961420893, 1.9816822192931745]",-2.3165999961420893,1.9816822192931745,CCACGGTCACATTC
2,CCACGGTCACATTC,"[-0.2795999937057495, 0.7641883346333174]",-0.2795999937057495,0.7641883346333174,CCACGGTCACATTC
5,CCACGGTCACATTC,"[-1.0285000025182962, 1.4132790820340952]",-1.0285000025182962,1.4132790820340952,CCACGGTCACATTC
