,length_ext,target,value,VF_mean_ext,VF_std_ext
0,48,FANCF,"[-23.987800010681152, 4.538851311461105]",-23.987800010681152,4.538851311461105
1,49,FANCF,"[-24.11379999542236, 4.602141830017699]",-24.11379999542236,4.602141830017699
2,50,FANCF,"[-24.47675004196167, 4.695135994212396]",-24.47675004196167,4.695135994212396
3,51,FANCF,"[-24.55599000263214, 4.804461457553351]",-24.55599000263214,4.804461457553351
4,52,FANCF,"[-25.096140003204347, 4.811204090378637]",-25.096140003204347,4.811204090378637
5,53,FANCF,"[-25.199570004463197, 4.728315021738485]",-25.199570004463197,4.728315021738485
6,54,FANCF,"[-26.054500014305116, 5.03556942168201]",-26.054500014305116,5.03556942168201
7,55,FANCF,"[-25.84889997768402, 4.868827267848945]",-25.84889997768402,4.868827267848945
8,56,FANCF,"[-26.377639963150024, 4.945462541143912]",-26.377639963150024,4.945462541143912
9,57,FANCF,"[-26.445900042533875, 4.935561072221978]",-26.445900042533875,4.935561072221978
10,59,FANCF,"[-27.132170026779175, 4.829263311356077]",-27.132170026779175,4.829263311356077
11,60,FANCF,"[-27.380099988937378, 5.166360856469491]",-27.380099988937378,5.166360856469491
12,61,FANCF,"[-27.38287999534607, 4.969204641498024]",-27.38287999534607,4.969204641498024
13,62,FANCF,"[-28.006479994773866, 4.920587457404155]",-28.006479994773866,4.920587457404155
14,64,FANCF,"[-28.377409990310667, 5.255924875397059]",-28.377409990310667,5.255924875397059
15,65,FANCF,"[-28.93529996204376, 5.302969311024052]",-28.93529996204376,5.302969311024052
16,66,FANCF,"[-29.27100000190735, 5.382439852138002]",-29.27100000190735,5.382439852138002
17,67,FANCF,"[-29.685699995994568, 5.239895561077841]",-29.685699995994568,5.239895561077841
18,68,FANCF,"[-29.756460041046143, 5.296586723279748]",-29.756460041046143,5.296586723279748
19,69,FANCF,"[-30.350369980812072, 5.4103023460297806]",-30.350369980812072,5.4103023460297806
20,71,FANCF,"[-30.52979999637604, 5.3733054967992695]",-30.52979999637604,5.3733054967992695
21,72,FANCF,"[-30.549939982414244, 5.3961506609666285]",-30.549939982414244,5.3961506609666285
22,73,FANCF,"[-31.121979973793028, 5.315598670490929]",-31.121979973793028,5.315598670490929
23,74,FANCF,"[-31.475109972000123, 5.499122512110451]",-31.475109972000123,5.499122512110451
24,75,FANCF,"[-31.938599937438966, 5.433324028668236]",-31.938599937438966,5.433324028668236
25,77,FANCF,"[-32.29216998100281, 5.579566073900572]",-32.29216998100281,5.579566073900572
26,79,FANCF,"[-33.10688999080658, 5.785264590462881]",-33.10688999080658,5.785264590462881
27,80,FANCF,"[-33.38534994697571, 5.639286878191384]",-33.38534994697571,5.639286878191384
28,81,FANCF,"[-33.42461000728607, 5.850293498195518]",-33.42461000728607,5.850293498195518
29,83,FANCF,"[-34.407980011940005, 5.785687651276369]",-34.407980011940005,5.785687651276369
30,86,FANCF,"[-34.94442996025086, 5.905690188350519]",-34.94442996025086,5.905690188350519
31,89,FANCF,"[-36.03171999359131, 5.962614572434173]",-36.03171999359131,5.962614572434173
32,92,FANCF,"[-36.87811999511719, 5.95765295828877]",-36.87811999511719,5.95765295828877
33,93,FANCF,"[-37.221010021209715, 5.941551310961683]",-37.221010021209715,5.941551310961683
34,94,FANCF,"[-37.35913996315002, 6.061317505177656]",-37.35913996315002,6.061317505177656
35,95,FANCF,"[-37.73555997276306, 6.303711043716384]",-37.73555997276306,6.303711043716384
36,96,FANCF,"[-38.61388000106812, 5.980888482496301]",-38.61388000106812,5.980888482496301
37,97,FANCF,"[-38.33077002906799, 6.012254150078849]",-38.33077002906799,6.012254150078849
38,98,FANCF,"[-38.6094899597168, 6.241611476497984]",-38.6094899597168,6.241611476497984
39,99,FANCF,"[-39.525499977111814, 6.4211167008145305]",-39.525499977111814,6.4211167008145305
40,101,FANCF,"[-39.53823999023437, 6.12490845893421]",-39.53823999023437,6.12490845893421
41,104,FANCF,"[-40.43548999786377, 6.26610033578157]",-40.43548999786377,6.26610033578157
42,107,FANCF,"[-41.530700016021726, 6.417563974060541]",-41.530700016021726,6.417563974060541
43,108,FANCF,"[-41.81360000038147, 6.229367151617179]",-41.81360000038147,6.229367151617179
44,110,FANCF,"[-42.511939931869506, 6.587513439918786]",-42.511939931869506,6.587513439918786
45,113,FANCF,"[-43.136510021209716, 6.191780246856499]",-43.136510021209716,6.191780246856499
46,116,FANCF,"[-44.7393000164032, 6.708415975494343]",-44.7393000164032,6.708415975494343
47,117,FANCF,"[-44.190060050964355, 6.9541197425720185]",-44.190060050964355,6.9541197425720185
48,48,HEK3,"[-27.278400001525878, 4.217289829660463]",-27.278400001525878,4.217289829660463
49,49,HEK3,"[-27.331010003089904, 4.232071439756783]",-27.331010003089904,4.232071439756783
50,50,HEK3,"[-27.688499990463256, 4.260858822158858]",-27.688499990463256,4.260858822158858
51,51,HEK3,"[-27.75299997138977, 4.160941118303266]",-27.75299997138977,4.160941118303266
52,52,HEK3,"[-28.115300004005434, 4.164602732946739]",-28.115300004005434,4.164602732946739
53,53,HEK3,"[-28.249799982070922, 4.19322788469835]",-28.249799982070922,4.19322788469835
54,54,HEK3,"[-29.089100006103514, 4.566744021724311]",-29.089100006103514,4.566744021724311
55,55,HEK3,"[-28.94319997215271, 4.486777633166265]",-28.94319997215271,4.486777633166265
56,56,HEK3,"[-29.450109994888304, 4.426162555703675]",-29.450109994888304,4.426162555703675
57,57,HEK3,"[-29.69101002407074, 4.421067002543895]",-29.69101002407074,4.421067002543895
58,59,HEK3,"[-30.05500001335144, 4.496540340571858]",-30.05500001335144,4.496540340571858
59,60,HEK3,"[-30.281299982070923, 4.351041291637791]",-30.281299982070923,4.351041291637791
60,61,HEK3,"[-30.63714999771118, 4.67650616237826]",-30.63714999771118,4.67650616237826
61,62,HEK3,"[-30.997900009155273, 4.570357304040205]",-30.997900009155273,4.570357304040205
62,64,HEK3,"[-31.487169988632203, 4.69973065409267]",-31.487169988632203,4.69973065409267
63,65,HEK3,"[-32.04544004440308, 4.705769594303267]",-32.04544004440308,4.705769594303267
64,66,HEK3,"[-32.54680996894837, 4.756825093020184]",-32.54680996894837,4.756825093020184
65,67,HEK3,"[-32.74720000648499, 4.688333630516133]",-32.74720000648499,4.688333630516133
66,68,HEK3,"[-32.988239988327024, 4.896025259295524]",-32.988239988327024,4.896025259295524
67,69,HEK3,"[-33.3456699886322, 4.786670781090595]",-33.3456699886322,4.786670781090595
68,71,HEK3,"[-33.617569988250736, 4.760422264328079]",-33.617569988250736,4.760422264328079
69,72,HEK3,"[-33.757239957809446, 4.989349969179038]",-33.757239957809446,4.989349969179038
70,73,HEK3,"[-34.00572001075744, 4.820469484473848]",-34.00572001075744,4.820469484473848
71,74,HEK3,"[-34.65256992530823, 5.049418627595696]",-34.65256992530823,5.049418627595696
72,75,HEK3,"[-34.89728000068664, 4.97474697630131]",-34.89728000068664,4.97474697630131
73,77,HEK3,"[-35.30007000160217, 5.089755737323216]",-35.30007000160217,5.089755737323216
74,79,HEK3,"[-36.175969959259035, 5.194516092660876]",-36.175969959259035,5.194516092660876
75,80,HEK3,"[-36.407970010757445, 5.195287984371828]",-36.407970010757445,5.195287984371828
76,81,HEK3,"[-36.571800003051756, 5.361500242139473]",-36.571800003051756,5.361500242139473
77,83,HEK3,"[-37.42446998977661, 5.360208990949614]",-37.42446998977661,5.360208990949614
78,86,HEK3,"[-38.212839975357056, 5.42682902988755]",-38.212839975357056,5.42682902988755
79,89,HEK3,"[-39.075899965286254, 5.555902195265656]",-39.075899965286254,5.555902195265656
80,92,HEK3,"[-40.02780006408691, 5.62764498579609]",-40.02780006408691,5.62764498579609
81,93,HEK3,"[-40.19262000656128, 5.468296065911001]",-40.19262000656128,5.468296065911001
82,94,HEK3,"[-40.23638001823425, 5.389620828694636]",-40.23638001823425,5.389620828694636
83,95,HEK3,"[-40.66000997543335, 5.769110758242153]",-40.66000997543335,5.769110758242153
84,96,HEK3,"[-41.46627997589111, 5.52703772292668]",-41.46627997589111,5.52703772292668
85,97,HEK3,"[-41.245, 5.444780521561879]",-41.245,5.444780521561879
86,98,HEK3,"[-41.52028998374939, 5.6330064306817595]",-41.52028998374939,5.6330064306817595
87,99,HEK3,"[-42.29843999862671, 5.668495352432033]",-42.29843999862671,5.668495352432033
88,101,HEK3,"[-42.475169975280764, 5.988749479695635]",-42.475169975280764,5.988749479695635
89,104,HEK3,"[-43.52618000793457, 5.855075595509234]",-43.52618000793457,5.855075595509234
90,107,HEK3,"[-44.407599983215334, 5.8622643195272675]",-44.407599983215334,5.8622643195272675
91,108,HEK3,"[-44.72507004928589, 5.797615706880534]",-44.72507004928589,5.797615706880534
92,110,HEK3,"[-45.41288003921509, 6.002300323952954]",-45.41288003921509,6.002300323952954
93,113,HEK3,"[-46.157210033416746, 5.914757427460112]",-46.157210033416746,5.914757427460112
94,116,HEK3,"[-47.57553997612, 6.217133854703774]",-47.57553997612,6.217133854703774
95,117,HEK3,"[-47.274260007858274, 6.187858089627378]",-47.274260007858274,6.187858089627378
96,48,CLYBL,"[-27.58489997768402, 4.2533565279264405]",-27.58489997768402,4.2533565279264405
97,49,CLYBL,"[-27.627400003433227, 4.308949880631781]",-27.627400003433227,4.308949880631781
98,50,CLYBL,"[-27.890399984359743, 4.161173827744262]",-27.890399984359743,4.161173827744262
99,51,CLYBL,"[-28.040589948654176, 4.308946318505277]",-28.040589948654176,4.308946318505277
100,52,CLYBL,"[-28.613409999847413, 4.406831149057698]",-28.613409999847413,4.406831149057698
101,53,CLYBL,"[-28.652120012283326, 4.3126991858008905]",-28.652120012283326,4.3126991858008905
102,54,CLYBL,"[-29.363699947357176, 4.596432548298961]",-29.363699947357176,4.596432548298961
103,55,CLYBL,"[-29.257399980545046, 4.369506269257377]",-29.257399980545046,4.369506269257377
104,56,CLYBL,"[-29.644469997406006, 4.4582980448016185]",-29.644469997406006,4.4582980448016185
105,57,CLYBL,"[-29.949919996261595, 4.597999722842353]",-29.949919996261595,4.597999722842353
106,59,CLYBL,"[-30.55767000579834, 4.535144018176541]",-30.55767000579834,4.535144018176541
107,60,CLYBL,"[-30.862069986343382, 4.832326365879188]",-30.862069986343382,4.832326365879188
108,61,CLYBL,"[-31.029909990310667, 4.810130549475094]",-31.029909990310667,4.810130549475094
109,62,CLYBL,"[-31.467519954681396, 4.630609380699541]",-31.467519954681396,4.630609380699541
110,64,CLYBL,"[-32.02957995605469, 4.913262635920871]",-32.02957995605469,4.913262635920871
111,65,CLYBL,"[-32.26939996719361, 4.90785733475507]",-32.26939996719361,4.90785733475507
112,66,CLYBL,"[-32.79139997863769, 4.855335827863385]",-32.79139997863769,4.855335827863385
113,67,CLYBL,"[-33.21510000610352, 4.901675428189884]",-33.21510000610352,4.901675428189884
114,68,CLYBL,"[-33.298239988327026, 4.726874907117203]",-33.298239988327026,4.726874907117203
115,69,CLYBL,"[-33.693469974517825, 4.947461004178619]",-33.693469974517825,4.947461004178619
116,71,CLYBL,"[-33.99391995239258, 4.938464272800738]",-33.99391995239258,4.938464272800738
117,72,CLYBL,"[-34.132709941864015, 4.9362806080770385]",-34.132709941864015,4.9362806080770385
118,73,CLYBL,"[-34.477599983215335, 5.015344365433765]",-34.477599983215335,5.015344365433765
119,74,CLYBL,"[-34.9931999874115, 5.214567485980478]",-34.9931999874115,5.214567485980478
120,75,CLYBL,"[-35.37857996559143, 5.219916270495327]",-35.37857996559143,5.219916270495327
121,77,CLYBL,"[-35.7996699962616, 5.334103162925929]",-35.7996699962616,5.334103162925929
122,79,CLYBL,"[-36.53699994277954, 5.240251055073809]",-36.53699994277954,5.240251055073809
123,80,CLYBL,"[-36.800450052261354, 5.340470686028798]",-36.800450052261354,5.340470686028798
124,81,CLYBL,"[-36.8154999961853, 5.387172676340957]",-36.8154999961853,5.387172676340957
125,83,CLYBL,"[-37.93936997795105, 5.44172812738672]",-37.93936997795105,5.44172812738672
126,86,CLYBL,"[-38.51911002159119, 5.437559825581673]",-38.51911002159119,5.437559825581673
127,89,CLYBL,"[-39.37878998374939, 5.610060262364458]",-39.37878998374939,5.610060262364458
128,92,CLYBL,"[-40.432000024795535, 5.709638862957089]",-40.432000024795535,5.709638862957089
129,93,CLYBL,"[-40.58780000686645, 5.642493401726362]",-40.58780000686645,5.642493401726362
130,94,CLYBL,"[-40.586540014266966, 5.511956282235586]",-40.586540014266966,5.511956282235586
131,95,CLYBL,"[-41.03867003631592, 5.780580170563554]",-41.03867003631592,5.780580170563554
132,96,CLYBL,"[-41.87109997177124, 5.623142781059761]",-41.87109997177124,5.623142781059761
133,97,CLYBL,"[-41.84167999839783, 5.704709714385401]",-41.84167999839783,5.704709714385401
134,98,CLYBL,"[-41.951660032272336, 5.908015841019701]",-41.951660032272336,5.908015841019701
135,99,CLYBL,"[-42.774140012741086, 5.814317146687719]",-42.774140012741086,5.814317146687719
136,101,CLYBL,"[-42.88830003547668, 5.670748836492749]",-42.88830003547668,5.670748836492749
137,104,CLYBL,"[-43.75099997711182, 5.989914761526928]",-43.75099997711182,5.989914761526928
138,107,CLYBL,"[-44.825210010528565, 6.115744454079851]",-44.825210010528565,6.115744454079851
139,108,CLYBL,"[-45.04090002632141, 5.908679758554201]",-45.04090002632141,5.908679758554201
140,110,CLYBL,"[-45.783150007247926, 6.110102983285654]",-45.783150007247926,6.110102983285654
141,113,CLYBL,"[-46.43472003364563, 6.038286407534731]",-46.43472003364563,6.038286407534731
142,116,CLYBL,"[-48.00509991836548, 6.174395812741024]",-48.00509991836548,6.174395812741024
143,117,CLYBL,"[-47.71097995376587, 6.487190826353174]",-47.71097995376587,6.487190826353174
144,48,EMX1,"[-21.791569989204408, 4.249243461375212]",-21.791569989204408,4.249243461375212
145,49,EMX1,"[-21.905299991607666, 4.369769094507151]",-21.905299991607666,4.369769094507151
146,50,EMX1,"[-22.373669972419737, 4.359290719024395]",-22.373669972419737,4.359290719024395
147,51,EMX1,"[-22.37040001010895, 4.492770144386346]",-22.37040001010895,4.492770144386346
148,52,EMX1,"[-22.759969984054564, 4.210292903267845]",-22.759969984054564,4.210292903267845
149,53,EMX1,"[-23.115800010681152, 4.476881784250351]",-23.115800010681152,4.476881784250351
150,54,EMX1,"[-23.831400012969972, 4.758265854339783]",-23.831400012969972,4.758265854339783
151,55,EMX1,"[-23.750940019607544, 4.5969025401470915]",-23.750940019607544,4.5969025401470915
152,56,EMX1,"[-24.043150023460388, 4.681818038101996]",-24.043150023460388,4.681818038101996
153,57,EMX1,"[-24.415700015068055, 4.707728079300908]",-24.415700015068055,4.707728079300908
154,59,EMX1,"[-24.917469977378847, 4.770622979757072]",-24.917469977378847,4.770622979757072
155,60,EMX1,"[-25.212700033187865, 4.702957458360202]",-25.212700033187865,4.702957458360202
156,61,EMX1,"[-25.333080010414122, 4.6205871104277385]",-25.333080010414122,4.6205871104277385
157,62,EMX1,"[-25.751889983177186, 4.822562552217757]",-25.751889983177186,4.822562552217757
158,64,EMX1,"[-26.249300017356873, 4.892872351853814]",-26.249300017356873,4.892872351853814
159,65,EMX1,"[-26.61049998283386, 4.952322637733118]",-26.61049998283386,4.952322637733118
160,66,EMX1,"[-27.247099976539612, 5.090729944672439]",-27.247099976539612,5.090729944672439
161,67,EMX1,"[-27.4388700170517, 4.80820132250042]",-27.4388700170517,4.80820132250042
162,68,EMX1,"[-27.80027996826172, 5.099337313605399]",-27.80027996826172,5.099337313605399
163,69,EMX1,"[-28.234400005340575, 5.197547145268203]",-28.234400005340575,5.197547145268203
164,71,EMX1,"[-28.387099977493286, 5.094185241334361]",-28.387099977493286,5.094185241334361
165,72,EMX1,"[-28.531169984817506, 5.15496224849169]",-28.531169984817506,5.15496224849169
166,73,EMX1,"[-28.89043996810913, 5.164917236690906]",-28.89043996810913,5.164917236690906
167,74,EMX1,"[-29.46898999118805, 5.342983627754754]",-29.46898999118805,5.342983627754754
168,75,EMX1,"[-29.900299966812135, 5.2095748207556145]",-29.900299966812135,5.2095748207556145
169,77,EMX1,"[-30.265099970817566, 5.3302075242023506]",-30.265099970817566,5.3302075242023506
170,79,EMX1,"[-30.869420013427735, 5.424676314963085]",-30.869420013427735,5.424676314963085
171,80,EMX1,"[-31.252670013427736, 5.536036927474697]",-31.252670013427736,5.536036927474697
172,81,EMX1,"[-31.452670028686523, 5.579008572065367]",-31.452670028686523,5.579008572065367
173,83,EMX1,"[-32.28090996170044, 5.555015021868501]",-32.28090996170044,5.555015021868501
174,86,EMX1,"[-33.009899948120115, 5.600529607496539]",-33.009899948120115,5.600529607496539
175,89,EMX1,"[-33.94382001686096, 5.823539517824703]",-33.94382001686096,5.823539517824703
176,92,EMX1,"[-34.77772002410889, 5.866205386272005]",-34.77772002410889,5.866205386272005
177,93,EMX1,"[-35.2144199886322, 5.8516727136971225]",-35.2144199886322,5.8516727136971225
178,94,EMX1,"[-35.24440000534057, 5.604766576372824]",-35.24440000534057,5.604766576372824
179,95,EMX1,"[-35.66912005424499, 6.058671257135818]",-35.66912005424499,6.058671257135818
180,96,EMX1,"[-36.472040004730225, 5.883282061489046]",-36.472040004730225,5.883282061489046
181,97,EMX1,"[-36.203010017395016, 5.905646542704394]",-36.203010017395016,5.905646542704394
182,98,EMX1,"[-36.505399934768676, 6.037193975841419]",-36.505399934768676,6.037193975841419
183,99,EMX1,"[-37.24470007705688, 5.943405754249489]",-37.24470007705688,5.943405754249489
184,101,EMX1,"[-37.3206999835968, 5.957477786457982]",-37.3206999835968,5.957477786457982
185,104,EMX1,"[-38.55400001716614, 6.074112647620809]",-38.55400001716614,6.074112647620809
186,107,EMX1,"[-39.347390003204346, 6.146600701471962]",-39.347390003204346,6.146600701471962
187,108,EMX1,"[-39.76193994140625, 5.901972833544504]",-39.76193994140625,5.901972833544504
188,110,EMX1,"[-40.323109924316405, 6.252394809577411]",-40.323109924316405,6.252394809577411
189,113,EMX1,"[-40.996799989700314, 6.173633446463388]",-40.996799989700314,6.173633446463388
190,116,EMX1,"[-42.49467999458313, 6.356131242987791]",-42.49467999458313,6.356131242987791
191,117,EMX1,"[-42.14970002937317, 6.546527319934235]",-42.14970002937317,6.546527319934235
192,48,ACTB,"[-21.74671999549866, 4.58775773684657]",-21.74671999549866,4.58775773684657
193,49,ACTB,"[-21.71550003051758, 4.595866565240638]",-21.71550003051758,4.595866565240638
194,50,ACTB,"[-22.159100008010864, 4.599762733911335]",-22.159100008010864,4.599762733911335
195,51,ACTB,"[-22.139599992752075, 4.706709229541592]",-22.139599992752075,4.706709229541592
196,52,ACTB,"[-22.70894001674652, 4.771060680093948]",-22.70894001674652,4.771060680093948
197,53,ACTB,"[-22.846229988098145, 4.654225205952979]",-22.846229988098145,4.654225205952979
198,54,ACTB,"[-23.656499979019166, 4.933756994252658]",-23.656499979019166,4.933756994252658
199,55,ACTB,"[-23.546369987487793, 4.827681513727535]",-23.546369987487793,4.827681513727535
200,56,ACTB,"[-23.91830000591278, 4.985833183218149]",-23.91830000591278,4.985833183218149
201,57,ACTB,"[-24.179759990692137, 4.981293628860775]",-24.179759990692137,4.981293628860775
202,59,ACTB,"[-24.581799971580505, 4.988120153795207]",-24.581799971580505,4.988120153795207
203,60,ACTB,"[-25.037299931526185, 4.996064282182954]",-25.037299931526185,4.996064282182954
204,61,ACTB,"[-25.003650004386902, 5.093191191789176]",-25.003650004386902,5.093191191789176
205,62,ACTB,"[-25.606519994735716, 5.0011438561436385]",-25.606519994735716,5.0011438561436385
206,64,ACTB,"[-26.041189985275267, 5.3322833567192784]",-26.041189985275267,5.3322833567192784
207,65,ACTB,"[-26.5003699760437, 5.1732521556403235]",-26.5003699760437,5.1732521556403235
208,66,ACTB,"[-27.098149992942812, 5.309486759120145]",-27.098149992942812,5.309486759120145
209,67,ACTB,"[-27.28479995727539, 5.21412204165525]",-27.28479995727539,5.21412204165525
210,68,ACTB,"[-27.36406000137329, 5.157077164831394]",-27.36406000137329,5.157077164831394
211,69,ACTB,"[-27.762519983291625, 5.40829742399497]",-27.762519983291625,5.40829742399497
212,71,ACTB,"[-28.085069993972777, 5.349538755102472]",-28.085069993972777,5.349538755102472
213,72,ACTB,"[-28.06546997833252, 5.4532566764475705]",-28.06546997833252,5.4532566764475705
214,73,ACTB,"[-28.702699977874754, 5.38887583854339]",-28.702699977874754,5.38887583854339
215,74,ACTB,"[-29.019510003089906, 5.5896819068545565]",-29.019510003089906,5.5896819068545565
216,75,ACTB,"[-29.439679978370666, 5.322629521322725]",-29.439679978370666,5.322629521322725
217,77,ACTB,"[-29.953270030975343, 5.689826650974993]",-29.953270030975343,5.689826650974993
218,79,ACTB,"[-30.55353997325897, 5.787565035267867]",-30.55353997325897,5.787565035267867
219,80,ACTB,"[-30.890250009536743, 5.735071683422342]",-30.890250009536743,5.735071683422342
220,81,ACTB,"[-31.016200008392335, 5.757443699854249]",-31.016200008392335,5.757443699854249
221,83,ACTB,"[-31.89965002346039, 5.963297992233038]",-31.89965002346039,5.963297992233038
222,86,ACTB,"[-32.66963997268677, 5.926482076902059]",-32.66963997268677,5.926482076902059
223,89,ACTB,"[-33.37618996238709, 5.83920045728845]",-33.37618996238709,5.83920045728845
224,92,ACTB,"[-34.528929960250856, 6.1125954354517855]",-34.528929960250856,6.1125954354517855
225,93,ACTB,"[-34.53990001106262, 5.92662958235144]",-34.53990001106262,5.92662958235144
226,94,ACTB,"[-34.678950023651126, 6.089338098827778]",-34.678950023651126,6.089338098827778
227,95,ACTB,"[-35.121069986343386, 6.242839691719638]",-35.121069986343386,6.242839691719638
228,96,ACTB,"[-35.96396998786926, 6.093617503918937]",-35.96396998786926,6.093617503918937
229,97,ACTB,"[-35.80659999847412, 6.10525966954742]",-35.80659999847412,6.10525966954742
230,98,ACTB,"[-35.930900021553036, 6.134031530465142]",-35.930900021553036,6.134031530465142
231,99,ACTB,"[-36.96321999168396, 6.283873300568976]",-36.96321999168396,6.283873300568976
232,101,ACTB,"[-36.923550006866456, 6.340912014244453]",-36.923550006866456,6.340912014244453
233,104,ACTB,"[-37.83687000179291, 6.302446292742191]",-37.83687000179291,6.302446292742191
234,107,ACTB,"[-38.834499975204466, 6.447998116758219]",-38.834499975204466,6.447998116758219
235,108,ACTB,"[-39.20637003517151, 6.17818697404413]",-39.20637003517151,6.17818697404413
236,110,ACTB,"[-39.90904999732971, 6.712717101365518]",-39.90904999732971,6.712717101365518
237,113,ACTB,"[-40.57867003631592, 6.519703515625659]",-40.57867003631592,6.519703515625659
238,116,ACTB,"[-42.00473005867004, 6.590353284854182]",-42.00473005867004,6.590353284854182
239,117,ACTB,"[-41.56622004699707, 6.632267213562919]",-41.56622004699707,6.632267213562919
240,48,NOLC1,"[-29.544399991989135, 4.440070765030508]",-29.544399991989135,4.440070765030508
241,49,NOLC1,"[-29.517999980926515, 4.2776226899201735]",-29.517999980926515,4.2776226899201735
242,50,NOLC1,"[-29.977199979782103, 4.410439880655664]",-29.977199979782103,4.410439880655664
243,51,NOLC1,"[-29.843999992370605, 4.440748129041739]",-29.843999992370605,4.440748129041739
244,52,NOLC1,"[-30.485400012969972, 4.472657698068989]",-30.485400012969972,4.472657698068989
245,53,NOLC1,"[-30.716069982528687, 4.404064551884582]",-30.716069982528687,4.404064551884582
246,54,NOLC1,"[-31.29470000457764, 4.620201545236233]",-31.29470000457764,4.620201545236233
247,55,NOLC1,"[-31.29263999557495, 4.670145616162054]",-31.29263999557495,4.670145616162054
248,56,NOLC1,"[-31.660200008392334, 4.470650500972547]",-31.660200008392334,4.470650500972547
249,57,NOLC1,"[-32.0073499660492, 4.656551128534294]",-32.0073499660492,4.656551128534294
250,59,NOLC1,"[-32.437399980545045, 4.639519487197295]",-32.437399980545045,4.639519487197295
251,60,NOLC1,"[-32.84880001068115, 4.642598262562301]",-32.84880001068115,4.642598262562301
252,61,NOLC1,"[-32.98749992752075, 4.604888033846735]",-32.98749992752075,4.604888033846735
253,62,NOLC1,"[-33.42050000762939, 4.67627948924516]",-33.42050000762939,4.67627948924516
254,64,NOLC1,"[-33.79446995735169, 4.775215593479385]",-33.79446995735169,4.775215593479385
255,65,NOLC1,"[-34.226289978027346, 4.92712705995385]",-34.226289978027346,4.92712705995385
256,66,NOLC1,"[-34.733099992752074, 5.072391377758852]",-34.733099992752074,5.072391377758852
257,67,NOLC1,"[-35.179700057983396, 4.83716844450058]",-35.179700057983396,4.83716844450058
258,68,NOLC1,"[-35.348009996414184, 4.916886402482055]",-35.348009996414184,4.916886402482055
259,69,NOLC1,"[-35.753699993133544, 5.039992698294101]",-35.753699993133544,5.039992698294101
260,71,NOLC1,"[-35.990499994277954, 4.955820820211701]",-35.990499994277954,4.955820820211701
261,72,NOLC1,"[-36.09130001831055, 5.171529256111642]",-36.09130001831055,5.171529256111642
262,73,NOLC1,"[-36.491400062561034, 5.189434010550077]",-36.491400062561034,5.189434010550077
263,74,NOLC1,"[-37.064390016555784, 5.319613461660855]",-37.064390016555784,5.319613461660855
264,75,NOLC1,"[-37.326809976577756, 5.115465741231773]",-37.326809976577756,5.115465741231773
265,77,NOLC1,"[-37.83070004463196, 5.34721305041012]",-37.83070004463196,5.34721305041012
266,79,NOLC1,"[-38.54610003280639, 5.404465345490968]",-38.54610003280639,5.404465345490968
267,80,NOLC1,"[-38.98819995498657, 5.49243845308683]",-38.98819995498657,5.49243845308683
268,81,NOLC1,"[-38.93656999206543, 5.5872370205972]",-38.93656999206543,5.5872370205972
269,83,NOLC1,"[-39.654899974822996, 5.593621027827626]",-39.654899974822996,5.593621027827626
270,86,NOLC1,"[-40.557500003814695, 5.5719048387740395]",-40.557500003814695,5.5719048387740395
271,89,NOLC1,"[-41.468909996032714, 5.6178577478413825]",-41.468909996032714,5.6178577478413825
272,92,NOLC1,"[-42.41156998252869, 5.8316664251198675]",-42.41156998252869,5.8316664251198675
273,93,NOLC1,"[-42.67880000495911, 5.67182959217605]",-42.67880000495911,5.67182959217605
274,94,NOLC1,"[-42.705479999542234, 5.53349875893612]",-42.705479999542234,5.53349875893612
275,95,NOLC1,"[-43.02546001625061, 5.742653636551407]",-43.02546001625061,5.742653636551407
276,96,NOLC1,"[-43.79297000694275, 5.795329723325977]",-43.79297000694275,5.795329723325977
277,97,NOLC1,"[-43.668600019454956, 5.707699511022247]",-43.668600019454956,5.707699511022247
278,98,NOLC1,"[-44.06318001937866, 5.806647915328935]",-44.06318001937866,5.806647915328935
279,99,NOLC1,"[-44.83943997573853, 5.91088677267644]",-44.83943997573853,5.91088677267644
280,101,NOLC1,"[-44.83960005378723, 5.838334682846565]",-44.83960005378723,5.838334682846565
281,104,NOLC1,"[-45.885340003967286, 6.041037678903803]",-45.885340003967286,6.041037678903803
282,107,NOLC1,"[-46.968439960479735, 6.0418882294083325]",-46.968439960479735,6.0418882294083325
283,108,NOLC1,"[-47.13224000740051, 5.8487571098689415]",-47.13224000740051,5.8487571098689415
284,110,NOLC1,"[-47.918599952697754, 6.280252668838644]",-47.918599952697754,6.280252668838644
285,113,NOLC1,"[-48.556299995422364, 6.1648893211806755]",-48.556299995422364,6.1648893211806755
286,116,NOLC1,"[-49.983000019073486, 6.326276247448888]",-49.983000019073486,6.326276247448888
287,117,NOLC1,"[-49.81325, 6.415273074888462]",-49.81325,6.415273074888462
288,48,LMNB1,"[-27.434270027160643, 5.358006370167001]",-27.434270027160643,5.358006370167001
289,49,LMNB1,"[-27.439659979820252, 5.367730106812794]",-27.439659979820252,5.367730106812794
290,50,LMNB1,"[-27.800670035362245, 5.365546844334686]",-27.800670035362245,5.365546844334686
291,51,LMNB1,"[-27.95479998588562, 5.393412359966842]",-27.95479998588562,5.393412359966842
292,52,LMNB1,"[-28.440769993782045, 5.516732424769827]",-28.440769993782045,5.516732424769827
293,53,LMNB1,"[-28.513769988059998, 5.352573521160246]",-28.513769988059998,5.352573521160246
294,54,LMNB1,"[-29.38419998073578, 5.855519590487025]",-29.38419998073578,5.855519590487025
295,55,LMNB1,"[-28.981840023994447, 5.508585654679376]",-28.981840023994447,5.508585654679376
296,56,LMNB1,"[-29.707579998016357, 5.762186735827052]",-29.707579998016357,5.762186735827052
297,57,LMNB1,"[-30.02436000919342, 5.831754365578197]",-30.02436000919342,5.831754365578197
298,59,LMNB1,"[-30.574659964561462, 5.931924471472563]",-30.574659964561462,5.931924471472563
299,60,LMNB1,"[-30.884729982376097, 5.896119825352447]",-30.884729982376097,5.896119825352447
300,61,LMNB1,"[-30.872739974975588, 5.852948691695871]",-30.872739974975588,5.852948691695871
301,62,LMNB1,"[-31.54146001148224, 5.863123232684994]",-31.54146001148224,5.863123232684994
302,64,LMNB1,"[-31.885179998397827, 5.939587667810047]",-31.885179998397827,5.939587667810047
303,65,LMNB1,"[-32.333389989852904, 6.046754998127932]",-32.333389989852904,6.046754998127932
304,66,LMNB1,"[-32.909470001220704, 5.965369823674322]",-32.909470001220704,5.965369823674322
305,67,LMNB1,"[-33.269769998550416, 5.9231435565766954]",-33.269769998550416,5.9231435565766954
306,68,LMNB1,"[-33.39510000228882, 5.891121473677168]",-33.39510000228882,5.891121473677168
307,69,LMNB1,"[-33.8058999786377, 6.115463415394726]",-33.8058999786377,6.115463415394726
308,71,LMNB1,"[-33.90672002601624, 6.036847946260035]",-33.90672002601624,6.036847946260035
309,72,LMNB1,"[-34.11326990890503, 6.112944515176536]",-34.11326990890503,6.112944515176536
310,73,LMNB1,"[-34.498759973526, 5.968247288181545]",-34.498759973526,5.968247288181545
311,74,LMNB1,"[-35.1142800579071, 6.310095082715834]",-35.1142800579071,6.310095082715834
312,75,LMNB1,"[-35.59198992443085, 6.142287073956687]",-35.59198992443085,6.142287073956687
313,77,LMNB1,"[-35.91563001060486, 6.482915287606234]",-35.91563001060486,6.482915287606234
314,79,LMNB1,"[-36.57963003921509, 6.319631082527219]",-36.57963003921509,6.319631082527219
315,80,LMNB1,"[-36.88259993934631, 6.423175016915977]",-36.88259993934631,6.423175016915977
316,81,LMNB1,"[-36.93250996208191, 6.340571700405044]",-36.93250996208191,6.340571700405044
317,83,LMNB1,"[-37.97936002540588, 6.6509543961850905]",-37.97936002540588,6.6509543961850905
318,86,LMNB1,"[-38.7473899936676, 6.539519986792857]",-38.7473899936676,6.539519986792857
319,89,LMNB1,"[-39.62271998405456, 6.723751260347848]",-39.62271998405456,6.723751260347848
320,92,LMNB1,"[-40.451159948349, 6.723721760566083]",-40.451159948349,6.723721760566083
321,93,LMNB1,"[-40.63905000305176, 6.608805584653685]",-40.63905000305176,6.608805584653685
322,94,LMNB1,"[-40.76033995819092, 6.80705802774879]",-40.76033995819092,6.80705802774879
323,95,LMNB1,"[-41.179770023345945, 6.9909366814719]",-41.179770023345945,6.9909366814719
324,96,LMNB1,"[-41.999200002670285, 6.721240923074401]",-41.999200002670285,6.721240923074401
325,97,LMNB1,"[-41.93913001251221, 6.657184741511885]",-41.93913001251221,6.657184741511885
326,98,LMNB1,"[-42.15311000442505, 6.851934042613173]",-42.15311000442505,6.851934042613173
327,99,LMNB1,"[-42.964470001220704, 6.966691676242752]",-42.964470001220704,6.966691676242752
328,101,LMNB1,"[-43.13641004753113, 6.7711992178731935]",-43.13641004753113,6.7711992178731935
329,104,LMNB1,"[-43.974109998703, 7.043021331169314]",-43.974109998703,7.043021331169314
330,107,LMNB1,"[-45.07004006385803, 7.012521793348296]",-45.07004006385803,7.012521793348296
331,108,LMNB1,"[-45.288570001602174, 6.880529937352909]",-45.288570001602174,6.880529937352909
332,110,LMNB1,"[-46.085059940338134, 7.259990631177883]",-46.085059940338134,7.259990631177883
333,113,LMNB1,"[-46.75931000709534, 7.077693902708613]",-46.75931000709534,7.077693902708613
334,116,LMNB1,"[-48.27758006477356, 7.383758787299675]",-48.27758006477356,7.383758787299675
335,117,LMNB1,"[-47.923580057144164, 7.527553981653252]",-47.923580057144164,7.527553981653252
336,48,RNF1,"[-20.38996000957489, 3.996874184532932]",-20.38996000957489,3.996874184532932
337,49,RNF1,"[-20.256379979133605, 3.940399181650345]",-20.256379979133605,3.940399181650345
338,50,RNF1,"[-20.634499990463258, 4.007864710463489]",-20.634499990463258,4.007864710463489
339,51,RNF1,"[-20.902640009880066, 3.997216733376846]",-20.902640009880066,3.997216733376846
340,52,RNF1,"[-21.269299996376038, 4.060227481108155]",-21.269299996376038,4.060227481108155
341,53,RNF1,"[-21.583500023841857, 4.177790998034935]",-21.583500023841857,4.177790998034935
342,54,RNF1,"[-22.0717000207901, 4.2437188127140315]",-22.0717000207901,4.2437188127140315
343,55,RNF1,"[-22.111839993476867, 4.155422181567806]",-22.111839993476867,4.155422181567806
344,56,RNF1,"[-22.46120000076294, 4.159273315911987]",-22.46120000076294,4.159273315911987
345,57,RNF1,"[-22.696569989204406, 4.270464289001107]",-22.696569989204406,4.270464289001107
346,59,RNF1,"[-23.21559996509552, 4.287670319990247]",-23.21559996509552,4.287670319990247
347,60,RNF1,"[-23.52058998966217, 4.485511246299721]",-23.52058998966217,4.485511246299721
348,61,RNF1,"[-23.651939982414245, 4.410412460544485]",-23.651939982414245,4.410412460544485
349,62,RNF1,"[-24.140410004615784, 4.4144305614111925]",-24.140410004615784,4.4144305614111925
350,64,RNF1,"[-24.727180006027222, 4.5460978800290635]",-24.727180006027222,4.5460978800290635
351,65,RNF1,"[-24.9534100151062, 4.672933067621386]",-24.9534100151062,4.672933067621386
352,66,RNF1,"[-25.498399978637696, 4.735341286188942]",-25.498399978637696,4.735341286188942
353,67,RNF1,"[-25.876400012016298, 4.563864940121223]",-25.876400012016298,4.563864940121223
354,68,RNF1,"[-25.955599990844725, 4.5539003978759895]",-25.955599990844725,4.5539003978759895
355,69,RNF1,"[-26.44359998989105, 4.882265775299231]",-26.44359998989105,4.882265775299231
356,71,RNF1,"[-26.67382002258301, 4.666921793335815]",-26.67382002258301,4.666921793335815
357,72,RNF1,"[-26.77109999847412, 4.81708363663451]",-26.77109999847412,4.81708363663451
358,73,RNF1,"[-27.28950000667572, 4.689837919375254]",-27.28950000667572,4.689837919375254
359,74,RNF1,"[-27.673000000953675, 4.895490865711]",-27.673000000953675,4.895490865711
360,75,RNF1,"[-27.90778997039795, 4.798153278860062]",-27.90778997039795,4.798153278860062
361,77,RNF1,"[-28.577969984054565, 5.015671167802797]",-28.577969984054565,5.015671167802797
362,79,RNF1,"[-29.388050004959105, 5.074568920706239]",-29.388050004959105,5.074568920706239
363,80,RNF1,"[-29.371289995193482, 5.03499631393251]",-29.371289995193482,5.03499631393251
364,81,RNF1,"[-29.5929000082016, 5.104556741640173]",-29.5929000082016,5.104556741640173
365,83,RNF1,"[-30.624699957847596, 5.321583618992642]",-30.624699957847596,5.321583618992642
366,86,RNF1,"[-31.006089986801147, 5.1822302718730455]",-31.006089986801147,5.1822302718730455
367,89,RNF1,"[-32.10012996673584, 5.323641073814011]",-32.10012996673584,5.323641073814011
368,92,RNF1,"[-33.199599964141846, 5.327783758399611]",-33.199599964141846,5.327783758399611
369,93,RNF1,"[-33.004169967651364, 5.286582368324127]",-33.004169967651364,5.286582368324127
370,94,RNF1,"[-33.40614996051789, 5.454048532279431]",-33.40614996051789,5.454048532279431
371,95,RNF1,"[-33.60674001121521, 5.6156486753541355]",-33.60674001121521,5.6156486753541355
372,96,RNF1,"[-34.566699977874755, 5.381631824239405]",-34.566699977874755,5.381631824239405
373,97,RNF1,"[-34.43717994689941, 5.497318844855452]",-34.43717994689941,5.497318844855452
374,98,RNF1,"[-34.65603999710083, 5.621825785526032]",-34.65603999710083,5.621825785526032
375,99,RNF1,"[-35.48719997596741, 5.5996854073190665]",-35.48719997596741,5.5996854073190665
376,101,RNF1,"[-35.57646999931335, 5.485629176634502]",-35.57646999931335,5.485629176634502
377,104,RNF1,"[-36.431299991607666, 5.666828988447749]",-36.431299991607666,5.666828988447749
378,107,RNF1,"[-37.57867001914978, 5.7813242208421585]",-37.57867001914978,5.7813242208421585
379,108,RNF1,"[-37.662569995880126, 5.50675732903158]",-37.662569995880126,5.50675732903158
380,110,RNF1,"[-38.46769999694824, 6.144087101373211]",-38.46769999694824,6.144087101373211
381,113,RNF1,"[-39.16829999160767, 5.79810704779277]",-39.16829999160767,5.79810704779277
382,116,RNF1,"[-40.46300003814697, 6.034925972391844]",-40.46300003814697,6.034925972391844
383,117,RNF1,"[-40.266310022354126, 6.324164261706299]",-40.266310022354126,6.324164261706299
384,48,TP53,"[-25.631800014495848, 4.25553153967724]",-25.631800014495848,4.25553153967724
385,49,TP53,"[-25.707490018844606, 4.348363036992156]",-25.707490018844606,4.348363036992156
386,50,TP53,"[-26.2104000043869, 4.320390267148898]",-26.2104000043869,4.320390267148898
387,51,TP53,"[-26.161799973487852, 4.361612149500838]",-26.161799973487852,4.361612149500838
388,52,TP53,"[-26.726499992370606, 4.402334391965995]",-26.726499992370606,4.402334391965995
389,53,TP53,"[-26.914539991378785, 4.241990591308068]",-26.914539991378785,4.241990591308068
390,54,TP53,"[-27.573870007514955, 4.504939091158609]",-27.573870007514955,4.504939091158609
391,55,TP53,"[-27.563699997901917, 4.5214347431691575]",-27.563699997901917,4.5214347431691575
392,56,TP53,"[-27.933699988365174, 4.5175053131023]",-27.933699988365174,4.5175053131023
393,57,TP53,"[-28.07799998855591, 4.614617682499497]",-28.07799998855591,4.614617682499497
394,59,TP53,"[-28.593199984550477, 4.722462656408207]",-28.593199984550477,4.722462656408207
395,60,TP53,"[-28.9573699760437, 4.709863637560211]",-28.9573699760437,4.709863637560211
396,61,TP53,"[-29.203529983520507, 4.711821142596134]",-29.203529983520507,4.711821142596134
397,62,TP53,"[-29.550089996337892, 4.52773786549461]",-29.550089996337892,4.52773786549461
398,64,TP53,"[-30.024299961090087, 4.822824831302615]",-30.024299961090087,4.822824831302615
399,65,TP53,"[-30.48020000743866, 5.0488660469077296]",-30.48020000743866,5.0488660469077296
400,66,TP53,"[-31.00560004425049, 4.986442513688062]",-31.00560004425049,4.986442513688062
401,67,TP53,"[-31.11690002346039, 4.739468829224391]",-31.11690002346039,4.739468829224391
402,68,TP53,"[-31.470649980545044, 4.773068490090071]",-31.470649980545044,4.773068490090071
403,69,TP53,"[-31.936770029067993, 5.166631521095632]",-31.936770029067993,5.166631521095632
404,71,TP53,"[-32.16903997612, 4.955516817470945]",-32.16903997612,4.955516817470945
405,72,TP53,"[-32.33276996994019, 5.047977346021671]",-32.33276996994019,5.047977346021671
406,73,TP53,"[-32.637899967193604, 5.061408217643962]",-32.637899967193604,5.061408217643962
407,74,TP53,"[-33.229499992370606, 5.247845224853868]",-33.229499992370606,5.247845224853868
408,75,TP53,"[-33.5405400390625, 5.092069159715156]",-33.5405400390625,5.092069159715156
409,77,TP53,"[-34.05309997177124, 5.1970039981881175]",-34.05309997177124,5.1970039981881175
410,79,TP53,"[-34.77053999519348, 5.330982997799201]",-34.77053999519348,5.330982997799201
411,80,TP53,"[-34.91396998977661, 5.441053803854465]",-34.91396998977661,5.441053803854465
412,81,TP53,"[-35.03986995887756, 5.408302391325588]",-35.03986995887756,5.408302391325588
413,83,TP53,"[-36.1553800239563, 5.561338894906279]",-36.1553800239563,5.561338894906279
414,86,TP53,"[-36.784009977340695, 5.479990918215924]",-36.784009977340695,5.479990918215924
415,89,TP53,"[-37.75310000228882, 5.588712755875695]",-37.75310000228882,5.588712755875695
416,92,TP53,"[-38.58504004096985, 5.673001331258515]",-38.58504004096985,5.673001331258515
417,93,TP53,"[-38.98550002288818, 5.636337452439351]",-38.98550002288818,5.636337452439351
418,94,TP53,"[-38.9430399723053, 5.537966118090017]",-38.9430399723053,5.537966118090017
419,95,TP53,"[-39.27462994384766, 5.809388899225748]",-39.27462994384766,5.809388899225748
420,96,TP53,"[-39.79657998275757, 5.67411567719415]",-39.79657998275757,5.67411567719415
421,97,TP53,"[-39.83483998680115, 5.684771909447949]",-39.83483998680115,5.684771909447949
422,98,TP53,"[-40.07913997840881, 5.8468569498005385]",-40.07913997840881,5.8468569498005385
423,99,TP53,"[-40.964800035476685, 5.822334650286541]",-40.964800035476685,5.822334650286541
424,101,TP53,"[-41.13729999732971, 6.006517973348996]",-41.13729999732971,6.006517973348996
425,104,TP53,"[-42.03349998474121, 6.0047504458204894]",-42.03349998474121,6.0047504458204894
426,107,TP53,"[-42.898899993896485, 5.92425266559869]",-42.898899993896485,5.92425266559869
427,108,TP53,"[-43.41850995445252, 5.8570412945007355]",-43.41850995445252,5.8570412945007355
428,110,TP53,"[-44.07829999542236, 6.286884798500037]",-44.07829999542236,6.286884798500037
429,113,TP53,"[-44.78821002578735, 6.136387267383045]",-44.78821002578735,6.136387267383045
430,116,TP53,"[-46.22874000930786, 6.297867390049134]",-46.22874000930786,6.297867390049134
431,117,TP53,"[-46.06070002174378, 6.594009818059008]",-46.06070002174378,6.594009818059008
