Insert, Rep1_read, Rep2_read, Rep3_read, Plasmid_read ,spacer,HA,target,PBS,insertion,mmr,RTT,length,length_RTT,percA,percC,percT,percG,percGC,Arun_maxlen,pairedbases,pos1compl,loop1_intact,VF_RTT,VF_insert,VF_RTT_mean,VF_RTT_std,VF_RTT_z,ins_freq,plasmid_freq,percIns,percIns_z
AAAGGA,73,76,103,297,GGATGATGGTGAGCACGTGA,TGATGGTGA,TAPE1,GATGGTGAGCACG,AAAGGA,False,AAAGGATGATGGTGA,6,15,0.6666666666666666,0.0,0.0,0.3333333333333333,0.3333333333333333,3,2,False,True,0.0,0.0,-0.23880000057816506,0.6148939459096615,0.3883596548098863,0.010963627374485606,0.014063831802254002,0.7795618952672964,-0.5644309082865085
AACGGA,97,119,117,210,GGATGATGGTGAGCACGTGA,TGATGGTGA,TAPE1,GATGGTGAGCACG,AACGGA,False,AACGGATGATGGTGA,6,15,0.5,0.16666666666666666,0.0,0.3333333333333333,0.5,2,0,False,True,0.0,0.0,-0.23880000057816506,0.6148939459096615,0.3883596548098863,0.014228774141983563,0.009944123496543233,1.4308726301448043,1.1695532797771542
AAGGGA,117,188,106,220,GGATGATGGTGAGCACGTGA,TGATGGTGA,TAPE1,GATGGTGAGCACG,AAGGGA,False,AAGGGATGATGGTGA,6,15,0.5,0.0,0.0,0.5,0.5,2,2,False,True,0.0,0.0,-0.23880000057816506,0.6148939459096615,0.3883596548098863,0.01699243191104439,0.010417653186854815,1.631118986806525,1.7026690378554896
AATGGA,139,96,112,235,GGATGATGGTGAGCACGTGA,TGATGGTGA,TAPE1,GATGGTGAGCACG,AATGGA,False,AATGGATGATGGTGA,6,15,0.5,0.0,0.16666666666666666,0.3333333333333333,0.3333333333333333,2,0,False,True,0.0,0.0,-0.23880000057816506,0.6148939459096615,0.3883596548098863,0.015176992083851273,0.011127947722322189,1.3638626333054094,0.9911526044319835
ACAGGA,210,284,159,479,GGATGATGGTGAGCACGTGA,TGATGGTGA,TAPE1,GATGGTGAGCACG,ACAGGA,False,ACAGGATGATGGTGA,6,15,0.5,0.16666666666666666,0.0,0.3333333333333333,0.5,0,0,False,True,0.0,0.0,-0.23880000057816506,0.6148939459096615,0.3883596548098863,0.027177009805831348,0.022682072165924803,1.1981713842996793,0.5500328892310837
ACCGGA,283,357,239,399,GGATGATGGTGAGCACGTGA,TGATGGTGA,TAPE1,GATGGTGAGCACG,ACCGGA,False,ACCGGATGATGGTGA,6,15,0.3333333333333333,0.3333333333333333,0.0,0.3333333333333333,0.6666666666666666,0,0,False,True,-2.4000000953674316,0.0,-0.23880000057816506,0.6148939459096615,-3.5147525994779985,0.03693428565654419,0.018893834643432143,1.9548326929696749,2.5644918482102965
ACGGGA,337,459,147,446,GGATGATGGTGAGCACGTGA,TGATGGTGA,TAPE1,GATGGTGAGCACG,ACGGGA,False,ACGGGATGATGGTGA,6,15,0.3333333333333333,0.16666666666666666,0.0,0.5,0.6666666666666666,0,2,False,True,0.0,0.0,-0.23880000057816506,0.6148939459096615,0.3883596548098863,0.038531477977820305,0.02111942418789658,1.8244568429049532,2.217392298929717
ACTGGA,237,207,127,373,GGATGATGGTGAGCACGTGA,TGATGGTGA,TAPE1,GATGGTGAGCACG,ACTGGA,False,ACTGGATGATGGTGA,6,15,0.3333333333333333,0.16666666666666666,0.16666666666666666,0.3333333333333333,0.5,0,0,False,True,0.0,0.0,-0.23880000057816506,0.6148939459096615,0.3883596548098863,0.024283665478534697,0.01766265744862203,1.3748591087820259,1.0204285146539591
AGAGGA,124,110,144,361,GGATGATGGTGAGCACGTGA,TGATGGTGA,TAPE1,GATGGTGAGCACG,AGAGGA,False,AGAGGATGATGGTGA,6,15,0.5,0.0,0.0,0.5,0.5,0,2,False,True,0.0,0.0,-0.23880000057816506,0.6148939459096615,0.3883596548098863,0.016485977307965204,0.01709442182024813,0.9644068387523801,-0.07231832348942786
AGCGGA,85,118,92,322,GGATGATGGTGAGCACGTGA,TGATGGTGA,TAPE1,GATGGTGAGCACG,AGCGGA,False,AGCGGATGATGGTGA,6,15,0.3333333333333333,0.16666666666666666,0.0,0.5,0.6666666666666666,0,2,False,True,0.0,0.0,-0.23880000057816506,0.6148939459096615,0.3883596548098863,0.012431064690907066,0.015247656028032958,0.8152770936104827,-0.4693463566518885
AGGGGA,114,149,86,382,GGATGATGGTGAGCACGTGA,TGATGGTGA,TAPE1,GATGGTGAGCACG,AGGGGA,False,AGGGGATGATGGTGA,6,15,0.3333333333333333,0.0,0.0,0.6666666666666666,0.6666666666666666,0,1,False,True,0.0,0.0,-0.23880000057816506,0.6148939459096615,0.3883596548098863,0.01456183448858629,0.01808883416990245,0.8050178553140453,-0.49665952076079156
AGTGGA,122,272,119,376,GGATGATGGTGAGCACGTGA,TGATGGTGA,TAPE1,GATGGTGAGCACG,AGTGGA,False,AGTGGATGATGGTGA,6,15,0.3333333333333333,0.0,0.16666666666666666,0.5,0.5,0,2,False,False,0.0,0.0,-0.23880000057816506,0.6148939459096615,0.3883596548098863,0.020715143947729678,0.017804716355715504,1.1634638560855195,0.4576310571908902
ATAGGA,261,232,192,397,GGATGATGGTGAGCACGTGA,TGATGGTGA,TAPE1,GATGGTGAGCACG,ATAGGA,False,ATAGGATGATGGTGA,6,15,0.5,0.0,0.16666666666666666,0.3333333333333333,0.3333333333333333,0,0,False,True,0.0,0.0,-0.23880000057816506,0.6148939459096615,0.3883596548098863,0.029383283748557393,0.018799128705369827,1.5630130634811965,1.521350678068581
ATCGGA,165,248,231,420,GGATGATGGTGAGCACGTGA,TGATGGTGA,TAPE1,GATGGTGAGCACG,ATCGGA,False,ATCGGATGATGGTGA,6,15,0.3333333333333333,0.16666666666666666,0.16666666666666666,0.3333333333333333,0.5,0,0,False,True,0.0,0.0,-0.23880000057816506,0.6148939459096615,0.3883596548098863,0.027292589300941625,0.019888246993086466,1.3722973829935363,1.013608433587383
ATGGGA,81,155,129,330,GGATGATGGTGAGCACGTGA,TGATGGTGA,TAPE1,GATGGTGAGCACG,ATGGGA,False,ATGGGATGATGGTGA,6,15,0.3333333333333333,0.0,0.16666666666666666,0.5,0.5,0,2,False,True,0.0,0.0,-0.23880000057816506,0.6148939459096615,0.3883596548098863,0.015280796000578857,0.015626479780282223,0.977878333152195,-0.03645317183756638
ATTGGA,141,296,236,363,GGATGATGGTGAGCACGTGA,TGATGGTGA,TAPE1,GATGGTGAGCACG,ATTGGA,False,ATTGGATGATGGTGA,6,15,0.3333333333333333,0.0,0.3333333333333333,0.3333333333333333,0.3333333333333333,0,0,False,True,0.0,0.0,-0.23880000057816506,0.6148939459096615,0.3883596548098863,0.028042020423777524,0.017189127758310448,1.6313812322571177,1.7033672137650344
CAAGGA,49,97,83,309,GGATGATGGTGAGCACGTGA,TGATGGTGA,TAPE1,GATGGTGAGCACG,CAAGGA,False,CAAGGATGATGGTGA,6,15,0.5,0.16666666666666666,0.0,0.3333333333333333,0.5,2,3,True,True,0.0,0.0,-0.23880000057816506,0.6148939459096615,0.3883596548098863,0.00959245392315162,0.0146320674306279,0.6555774820359739,-0.8945145390282879
CACGGA,155,149,98,270,GGATGATGGTGAGCACGTGA,TGATGGTGA,TAPE1,GATGGTGAGCACG,CACGGA,False,CACGGATGATGGTGA,6,15,0.3333333333333333,0.3333333333333333,0.0,0.3333333333333333,0.6666666666666666,0,1,True,True,-2.299999952316284,0.0,-0.23880000057816506,0.6148939459096615,-3.3521226960347157,0.017063296357293815,0.012785301638412728,1.33460256471604,0.9132535409608943
CAGGGA,58,62,78,217,GGATGATGGTGAGCACGTGA,TGATGGTGA,TAPE1,GATGGTGAGCACG,CAGGGA,False,CAGGGATGATGGTGA,6,15,0.3333333333333333,0.16666666666666666,0.0,0.5,0.6666666666666666,0,1,True,True,0.0,0.0,-0.23880000057816506,0.6148939459096615,0.3883596548098863,0.008581816093054298,0.010275594279761342,0.8351649412586205,-0.41639895150436607
CATGGA,68,128,85,287,GGATGATGGTGAGCACGTGA,TGATGGTGA,TAPE1,GATGGTGAGCACG,CATGGA,False,CATGGATGATGGTGA,6,15,0.3333333333333333,0.16666666666666666,0.16666666666666666,0.3333333333333333,0.5,0,1,True,True,-0.30000001192092896,0.0,-0.23880000057816506,0.6148939459096615,-0.09952937697609927,0.011637632444172569,0.01359030211194242,0.8563188918328791,-0.36008080127804865
CCAGGA,127,219,137,379,GGATGATGGTGAGCACGTGA,TGATGGTGA,TAPE1,GATGGTGAGCACG,CCAGGA,False,CCAGGATGATGGTGA,6,15,0.3333333333333333,0.3333333333333333,0.0,0.3333333333333333,0.6666666666666666,0,2,True,True,-1.7999999523162842,0.0,-0.23880000057816506,0.6148939459096615,-2.538974342036352,0.020007045256959222,0.017946775262808978,1.114798896402282,0.3280703635238961
CCCGGA,152,201,213,278,GGATGATGGTGAGCACGTGA,TGATGGTGA,TAPE1,GATGGTGAGCACG,CCCGGA,False,CCCGGATGATGGTGA,6,15,0.16666666666666666,0.5,0.0,0.3333333333333333,0.8333333333333334,0,1,True,True,-1.0,0.0,-0.23880000057816506,0.6148939459096615,-1.2379370531868406,0.024215633199977566,0.013164125390661995,1.8395170572558497,2.257487098777005
CCGGGA,106,135,128,331,GGATGATGGTGAGCACGTGA,TGATGGTGA,TAPE1,GATGGTGAGCACG,CCGGGA,False,CCGGGATGATGGTGA,6,15,0.16666666666666666,0.3333333333333333,0.0,0.5,0.8333333333333334,0,1,True,True,-0.8999999761581421,0.0,-0.23880000057816506,0.6148939459096615,-1.0753073436132328,0.01572496014229043,0.01567383274931338,1.0032619585646203,0.03112563923354912
CCTGGA,150,219,122,368,GGATGATGGTGAGCACGTGA,TGATGGTGA,TAPE1,GATGGTGAGCACG,CCTGGA,False,CCTGGATGATGGTGA,6,15,0.16666666666666666,0.3333333333333333,0.16666666666666666,0.3333333333333333,0.6666666666666666,0,1,True,True,-0.5,0.0,-0.23880000057816506,0.6148939459096615,-0.4247886991884771,0.02036711563874176,0.017425892603466237,1.168784641464534,0.4717965809896444
CGAGGA,79,74,93,449,GGATGATGGTGAGCACGTGA,TGATGGTGA,TAPE1,GATGGTGAGCACG,CGAGGA,False,CGAGGATGATGGTGA,6,15,0.3333333333333333,0.16666666666666666,0.0,0.5,0.6666666666666666,0,3,True,True,0.0,0.0,-0.23880000057816506,0.6148939459096615,0.3883596548098863,0.010697178922891152,0.021261483094990055,0.5031247761550454,-1.3003892886203803
CGCGGA,194,312,148,455,GGATGATGGTGAGCACGTGA,TGATGGTGA,TAPE1,GATGGTGAGCACG,CGCGGA,False,CGCGGATGATGGTGA,6,15,0.16666666666666666,0.3333333333333333,0.0,0.5,0.8333333333333334,0,2,True,True,-1.899999976158142,0.0,-0.23880000057816506,0.6148939459096615,-2.70160405160996,0.026852212035236408,0.021545600909177006,1.2462967335387307,0.6781569783285112
CGGGGA,85,152,64,272,GGATGATGGTGAGCACGTGA,TGATGGTGA,TAPE1,GATGGTGAGCACG,CGGGGA,False,CGGGGATGATGGTGA,6,15,0.16666666666666666,0.16666666666666666,0.0,0.6666666666666666,0.8333333333333334,0,2,True,True,0.0,0.0,-0.23880000057816506,0.6148939459096615,0.3883596548098863,0.01224616178624053,0.012880007576475045,0.9507883992714246,-0.10857468694476063
CGTGGA,125,257,169,474,GGATGATGGTGAGCACGTGA,TGATGGTGA,TAPE1,GATGGTGAGCACG,CGTGGA,False,CGTGGATGATGGTGA,6,15,0.16666666666666666,0.16666666666666666,0.16666666666666666,0.5,0.6666666666666666,0,2,True,False,0.0,0.0,-0.23880000057816506,0.6148939459096615,0.3883596548098863,0.022744777997577653,0.022445307320769013,1.0133422399849048,0.0579623665558656
CTAGGA,163,155,119,375,GGATGATGGTGAGCACGTGA,TGATGGTGA,TAPE1,GATGGTGAGCACG,CTAGGA,False,CTAGGATGATGGTGA,6,15,0.3333333333333333,0.16666666666666666,0.16666666666666666,0.3333333333333333,0.5,0,1,True,True,0.0,0.0,-0.23880000057816506,0.6148939459096615,0.3883596548098863,0.01865161528330881,0.017757363386684346,1.0503594974744412,0.1565133894933412
CTCGGA,115,123,120,231,GGATGATGGTGAGCACGTGA,TGATGGTGA,TAPE1,GATGGTGAGCACG,CTCGGA,False,CTCGGATGATGGTGA,6,15,0.16666666666666666,0.3333333333333333,0.16666666666666666,0.3333333333333333,0.6666666666666666,0,1,True,True,0.0,0.0,-0.23880000057816506,0.6148939459096615,0.3883596548098863,0.015354466380523636,0.010938535846197557,1.403703987116442,1.0972222173524175
CTGGGA,165,100,179,328,GGATGATGGTGAGCACGTGA,TGATGGTGA,TAPE1,GATGGTGAGCACG,CTGGGA,False,CTGGGATGATGGTGA,6,15,0.16666666666666666,0.16666666666666666,0.16666666666666666,0.5,0.6666666666666666,0,1,True,True,0.0,0.0,-0.23880000057816506,0.6148939459096615,0.3883596548098863,0.019750573626360055,0.015531773842219907,1.2716238226874135,0.7455852729377719
CTTGGA,139,131,139,313,GGATGATGGTGAGCACGTGA,TGATGGTGA,TAPE1,GATGGTGAGCACG,CTTGGA,False,CTTGGATGATGGTGA,6,15,0.16666666666666666,0.16666666666666666,0.3333333333333333,0.3333333333333333,0.5,0,1,True,True,0.0,0.0,-0.23880000057816506,0.6148939459096615,0.3883596548098863,0.01766635177108236,0.014821479306752533,1.1919425453728987,0.5334498550038584
GAAGGA,44,100,22,210,GGATGATGGTGAGCACGTGA,TGATGGTGA,TAPE1,GATGGTGAGCACG,GAAGGA,False,GAAGGATGATGGTGA,6,15,0.5,0.0,0.0,0.5,0.5,2,2,False,True,0.0,0.0,-0.23880000057816506,0.6148939459096615,0.3883596548098863,0.006531739455292632,0.009944123496543233,0.6568441610327134,-0.8911422602770224
GACGGA,99,93,145,301,GGATGATGGTGAGCACGTGA,TGATGGTGA,TAPE1,GATGGTGAGCACG,GACGGA,False,GACGGATGATGGTGA,6,15,0.3333333333333333,0.16666666666666666,0.0,0.5,0.6666666666666666,0,2,False,True,0.0,0.0,-0.23880000057816506,0.6148939459096615,0.3883596548098863,0.01478034918616431,0.014253243678378635,1.0369814422372687,0.1208970008694655
GAGGGA,46,62,34,220,GGATGATGGTGAGCACGTGA,TGATGGTGA,TAPE1,GATGGTGAGCACG,GAGGGA,False,GAGGGATGATGGTGA,6,15,0.3333333333333333,0.0,0.0,0.6666666666666666,0.6666666666666666,0,2,False,True,0.0,0.0,-0.23880000057816506,0.6148939459096615,0.3883596548098863,0.005906141891325506,0.010417653186854815,0.5669359293682366,-1.1305048927880426
GATGGA,44,105,70,279,GGATGATGGTGAGCACGTGA,TGATGGTGA,TAPE1,GATGGTGAGCACG,GATGGA,False,GATGGATGATGGTGA,6,15,0.3333333333333333,0.0,0.16666666666666666,0.5,0.5,0,2,False,True,0.0,0.0,-0.23880000057816506,0.6148939459096615,0.3883596548098863,0.009006355026147897,0.013211478359693152,0.6817068295419043,-0.8249503924643209
GCAGGA,171,237,150,493,GGATGATGGTGAGCACGTGA,TGATGGTGA,TAPE1,GATGGTGAGCACG,GCAGGA,False,GCAGGATGATGGTGA,6,15,0.3333333333333333,0.16666666666666666,0.0,0.5,0.6666666666666666,0,0,False,True,0.0,0.0,-0.23880000057816506,0.6148939459096615,0.3883596548098863,0.023311080133635653,0.02334501373236102,0.9985464305519628,0.018571491766814715
GCCGGA,148,282,183,389,GGATGATGGTGAGCACGTGA,TGATGGTGA,TAPE1,GATGGTGAGCACG,GCCGGA,False,GCCGGATGATGGTGA,6,15,0.16666666666666666,0.3333333333333333,0.0,0.5,0.8333333333333334,0,0,False,True,-2.700000047683716,0.0,-0.23880000057816506,0.6148939459096615,-4.002641534329147,0.025349278000149567,0.01842030495312056,1.3761595187844693,1.0238905954419577
GCGGGA,162,181,107,359,GGATGATGGTGAGCACGTGA,TGATGGTGA,TAPE1,GATGGTGAGCACG,GCGGGA,False,GCGGGATGATGGTGA,6,15,0.16666666666666666,0.16666666666666666,0.0,0.6666666666666666,0.8333333333333334,0,2,False,True,0.0,0.0,-0.23880000057816506,0.6148939459096615,0.3883596548098863,0.018915050979697114,0.016999715882185813,1.1126686534519323,0.3223990189646283
GCTGGA,110,198,98,408,GGATGATGGTGAGCACGTGA,TGATGGTGA,TAPE1,GATGGTGAGCACG,GCTGGA,False,GCTGGATGATGGTGA,6,15,0.16666666666666666,0.16666666666666666,0.16666666666666666,0.5,0.6666666666666666,0,0,False,True,0.0,0.0,-0.23880000057816506,0.6148939459096615,0.3883596548098863,0.01662061244634451,0.019320011364712567,0.8602796412791749,-0.3495361003465487
GGAGGA,55,55,33,366,GGATGATGGTGAGCACGTGA,TGATGGTGA,TAPE1,GATGGTGAGCACG,GGAGGA,False,GGAGGATGATGGTGA,6,15,0.3333333333333333,0.0,0.0,0.6666666666666666,0.6666666666666666,0,2,False,True,0.0,0.0,-0.23880000057816506,0.6148939459096615,0.3883596548098863,0.006042137740352533,0.01733118666540392,0.3486280459037289,-1.711705843096797
GGCGGA,56,151,89,329,GGATGATGGTGAGCACGTGA,TGATGGTGA,TAPE1,GATGGTGAGCACG,GGCGGA,False,GGCGGATGATGGTGA,6,15,0.16666666666666666,0.16666666666666666,0.0,0.6666666666666666,0.8333333333333334,0,1,False,True,0.0,0.0,-0.23880000057816506,0.6148939459096615,0.3883596548098863,0.012050258992801955,0.015579126811251065,0.7734874450151723,-0.5806029136356041
GGGGGA,85,130,76,300,GGATGATGGTGAGCACGTGA,TGATGGTGA,TAPE1,GATGGTGAGCACG,GGGGGA,False,GGGGGATGATGGTGA,6,15,0.16666666666666666,0.0,0.0,0.8333333333333334,0.8333333333333334,0,0,False,True,0.0,0.0,-0.23880000057816506,0.6148939459096615,0.3883596548098863,0.012072138988763081,0.014205890709347475,0.8497981038823292,-0.3774410912202927
GGTGGA,49,72,49,261,GGATGATGGTGAGCACGTGA,TGATGGTGA,TAPE1,GATGGTGAGCACG,GGTGGA,False,GGTGGATGATGGTGA,6,15,0.16666666666666666,0.0,0.16666666666666666,0.6666666666666666,0.6666666666666666,0,1,False,False,0.0,0.0,-0.23880000057816506,0.6148939459096615,0.3883596548098863,0.007108008941379139,0.012359124917132305,0.5751223479848454,-1.1087101952989258
GTAGGA,108,146,95,399,GGATGATGGTGAGCACGTGA,TGATGGTGA,TAPE1,GATGGTGAGCACG,GTAGGA,False,GTAGGATGATGGTGA,6,15,0.3333333333333333,0.0,0.16666666666666666,0.5,0.5,0,0,False,True,0.0,0.0,-0.23880000057816506,0.6148939459096615,0.3883596548098863,0.014609811762566644,0.018893834643432143,0.7732581573982015,-0.5812133459239971
GTCGGA,94,156,60,264,GGATGATGGTGAGCACGTGA,TGATGGTGA,TAPE1,GATGGTGAGCACG,GTCGGA,False,GTCGGATGATGGTGA,6,15,0.16666666666666666,0.16666666666666666,0.16666666666666666,0.5,0.6666666666666666,0,0,False,True,0.0,0.0,-0.23880000057816506,0.6148939459096615,0.3883596548098863,0.012613178250596144,0.012501183824225779,1.0089587056670053,0.0462920857082734
GTGGGA,92,144,151,317,GGATGATGGTGAGCACGTGA,TGATGGTGA,TAPE1,GATGGTGAGCACG,GTGGGA,False,GTGGGATGATGGTGA,6,15,0.16666666666666666,0.0,0.16666666666666666,0.6666666666666666,0.6666666666666666,0,2,False,True,0.0,0.0,-0.23880000057816506,0.6148939459096615,0.3883596548098863,0.016478411196640425,0.015010891182877167,1.0977636834405442,0.28271752603150363
GTTGGA,126,119,120,401,GGATGATGGTGAGCACGTGA,TGATGGTGA,TAPE1,GATGGTGAGCACG,GTTGGA,False,GTTGGATGATGGTGA,6,15,0.16666666666666666,0.0,0.3333333333333333,0.5,0.5,0,0,False,True,0.0,0.0,-0.23880000057816506,0.6148939459096615,0.3883596548098863,0.01573466933584402,0.01898854058149446,0.8286402669185886,-0.4337695881790522
TAAGGA,44,33,33,290,GGATGATGGTGAGCACGTGA,TGATGGTGA,TAPE1,GATGGTGAGCACG,TAAGGA,False,TAAGGATGATGGTGA,6,15,0.5,0.0,0.16666666666666666,0.3333333333333333,0.3333333333333333,2,3,False,True,0.0,0.0,-0.23880000057816506,0.6148939459096615,0.3883596548098863,0.004775500636861275,0.013732361019035893,0.34775524982495315,-1.7140294875862216
TACGGA,101,162,74,279,GGATGATGGTGAGCACGTGA,TGATGGTGA,TAPE1,GATGGTGAGCACG,TACGGA,False,TACGGATGATGGTGA,6,15,0.3333333333333333,0.16666666666666666,0.16666666666666666,0.3333333333333333,0.5,0,2,False,True,-0.4000000059604645,0.0,-0.23880000057816506,0.6148939459096615,-0.26215903808228824,0.013818514085811672,0.013211478359693152,1.0459476002300032,0.14476759804303455
TAGGGA,42,100,59,241,GGATGATGGTGAGCACGTGA,TGATGGTGA,TAPE1,GATGGTGAGCACG,TAGGGA,False,TAGGGATGATGGTGA,6,15,0.3333333333333333,0.0,0.16666666666666666,0.5,0.5,0,2,False,True,0.0,0.0,-0.23880000057816506,0.6148939459096615,0.3883596548098863,0.008213929955721344,0.01141206553650914,0.7197583933814247,-0.723645736336962
TATGGA,57,69,54,236,GGATGATGGTGAGCACGTGA,TGATGGTGA,TAPE1,GATGGTGAGCACG,TATGGA,False,TATGGATGATGGTGA,6,15,0.3333333333333333,0.0,0.3333333333333333,0.3333333333333333,0.3333333333333333,0,2,False,True,0.0,0.0,-0.23880000057816506,0.6148939459096615,0.3883596548098863,0.007621436122496748,0.011175300691353349,0.6819893560800268,-0.8241982222273221
TCAGGA,66,67,89,372,GGATGATGGTGAGCACGTGA,TGATGGTGA,TAPE1,GATGGTGAGCACG,TCAGGA,False,TCAGGATGATGGTGA,6,15,0.3333333333333333,0.16666666666666666,0.16666666666666666,0.3333333333333333,0.5,0,2,False,True,0.0,0.0,-0.23880000057816506,0.6148939459096615,0.3883596548098863,0.009656010676019592,0.01761530447959087,0.5481603049897359,-1.1804912265761165
TCCGGA,155,207,116,324,GGATGATGGTGAGCACGTGA,TGATGGTGA,TAPE1,GATGGTGAGCACG,TCCGGA,False,TCCGGATGATGGTGA,6,15,0.16666666666666666,0.3333333333333333,0.16666666666666666,0.3333333333333333,0.6666666666666666,0,1,False,True,-0.699999988079071,0.0,-0.23880000057816506,0.6148939459096615,-0.750048021400855,0.01990478167967571,0.015342361966095274,1.2973740108376286,0.8141399837710499
TCGGGA,122,129,80,386,GGATGATGGTGAGCACGTGA,TGATGGTGA,TAPE1,GATGGTGAGCACG,TCGGGA,False,TCGGGATGATGGTGA,6,15,0.16666666666666666,0.16666666666666666,0.16666666666666666,0.5,0.6666666666666666,0,1,False,True,0.0,0.0,-0.23880000057816506,0.6148939459096615,0.3883596548098863,0.013967636317121652,0.018278246046027086,0.7641672117745467,-0.6054161651342909
TCTGGA,77,160,99,392,GGATGATGGTGAGCACGTGA,TGATGGTGA,TAPE1,GATGGTGAGCACG,TCTGGA,False,TCTGGATGATGGTGA,6,15,0.16666666666666666,0.16666666666666666,0.3333333333333333,0.3333333333333333,0.5,0,1,False,True,0.0,0.0,-0.23880000057816506,0.6148939459096615,0.3883596548098863,0.01382332559840522,0.018562363860214034,0.7446964030283711,-0.657253287857333
TGCGGA,115,123,104,427,GGATGATGGTGAGCACGTGA,TGATGGTGA,TAPE1,GATGGTGAGCACG,TGCGGA,False,TGCGGATGATGGTGA,6,15,0.16666666666666666,0.16666666666666666,0.16666666666666666,0.5,0.6666666666666666,0,2,False,False,0.0,0.0,-0.23880000057816506,0.6148939459096615,0.3883596548098863,0.014586417225377705,0.020219717776304574,0.7213956884438557,-0.7192867666510346
TGGGGA,29,52,44,310,GGATGATGGTGAGCACGTGA,TGATGGTGA,TAPE1,GATGGTGAGCACG,TGGGGA,False,TGGGGATGATGGTGA,6,15,0.16666666666666666,0.0,0.16666666666666666,0.6666666666666666,0.6666666666666666,0,2,False,True,0.0,0.0,-0.23880000057816506,0.6148939459096615,0.3883596548098863,0.005246889450263653,0.014679420399659058,0.3574316497118317,-1.688268013833783
TGTGGA,23,127,40,318,GGATGATGGTGAGCACGTGA,TGATGGTGA,TAPE1,GATGGTGAGCACG,TGTGGA,False,TGTGGATGATGGTGA,6,15,0.16666666666666666,0.0,0.3333333333333333,0.5,0.5,0,2,False,False,0.0,0.0,-0.23880000057816506,0.6148939459096615,0.3883596548098863,0.0073301292302005725,0.015058244151908325,0.48678512290369713,-1.3438903379031153
TTAGGA,29,126,95,345,GGATGATGGTGAGCACGTGA,TGATGGTGA,TAPE1,GATGGTGAGCACG,TTAGGA,False,TTAGGATGATGGTGA,6,15,0.3333333333333333,0.0,0.3333333333333333,0.3333333333333333,0.3333333333333333,0,1,False,True,0.0,0.0,-0.23880000057816506,0.6148939459096615,0.3883596548098863,0.010217974092469953,0.0163367743157496,0.6254584837240014,-0.9747003305968832
TTCGGA,105,162,121,300,GGATGATGGTGAGCACGTGA,TGATGGTGA,TAPE1,GATGGTGAGCACG,TTCGGA,False,TTCGGATGATGGTGA,6,15,0.16666666666666666,0.16666666666666666,0.3333333333333333,0.3333333333333333,0.5,0,1,False,True,0.0,0.0,-0.23880000057816506,0.6148939459096615,0.3883596548098863,0.016262504820745333,0.014205890709347475,1.1447719226816666,0.4078675338356126
TTGGGA,60,36,83,293,GGATGATGGTGAGCACGTGA,TGATGGTGA,TAPE1,GATGGTGAGCACG,TTGGGA,False,TTGGGATGATGGTGA,6,15,0.16666666666666666,0.0,0.3333333333333333,0.5,0.5,0,1,False,True,0.0,0.0,-0.23880000057816506,0.6148939459096615,0.3883596548098863,0.008029320476712771,0.013874419926129368,0.5787139584546768,-1.099148252848303
TTTGGA,68,113,57,363,GGATGATGGTGAGCACGTGA,TGATGGTGA,TAPE1,GATGGTGAGCACG,TTTGGA,False,TTTGGATGATGGTGA,6,15,0.16666666666666666,0.0,0.5,0.3333333333333333,0.3333333333333333,0,1,False,True,0.0,0.0,-0.23880000057816506,0.6148939459096615,0.3883596548098863,0.009782142106414763,0.017189127758310448,0.5690889173643717,-1.124772994106699
