Insert, Rep1_read, Rep2_read, Rep3_read, Plasmid_read ,spacer,HA,target,PBS,insertion,mmr,RTT,length,length_RTT,percA,percC,percT,percG,percGC,Arun_maxlen,pairedbases,pos1compl,loop1_intact,VF_RTT,VF_insert,VF_RTT_mean,VF_RTT_std,VF_RTT_z,ins_freq,plasmid_freq,percIns,percIns_z,percIns_z_pred
AAAGGA,73,76,103,297,GGATGATGGTGAGCACGTGA,TGATGGTGA,TAPE1,GATGGTGAGCACG,AAAGGA,False,AAAGGATGATGGTGA,6,15,0.6666666666666666,0.0,0.0,0.3333333333333333,0.3333333333333333,3,2,False,True,0.0,0.0,-0.238800000578165,0.6148939459096615,0.3883596548098863,0.0109636273744856,0.014063831802254,0.7795618952672964,-0.5644309082865085,-0.15387085
AACGGA,97,119,117,210,GGATGATGGTGAGCACGTGA,TGATGGTGA,TAPE1,GATGGTGAGCACG,AACGGA,False,AACGGATGATGGTGA,6,15,0.5,0.1666666666666666,0.0,0.3333333333333333,0.5,2,0,False,True,0.0,0.0,-0.238800000578165,0.6148939459096615,0.3883596548098863,0.0142287741419835,0.0099441234965432,1.4308726301448045,1.1695532797771542,0.7287604
AAGGGA,117,188,106,220,GGATGATGGTGAGCACGTGA,TGATGGTGA,TAPE1,GATGGTGAGCACG,AAGGGA,False,AAGGGATGATGGTGA,6,15,0.5,0.0,0.0,0.5,0.5,2,2,False,True,0.0,0.0,-0.238800000578165,0.6148939459096615,0.3883596548098863,0.0169924319110443,0.0104176531868548,1.631118986806525,1.7026690378554896,0.2766728
AATGGA,139,96,112,235,GGATGATGGTGAGCACGTGA,TGATGGTGA,TAPE1,GATGGTGAGCACG,AATGGA,False,AATGGATGATGGTGA,6,15,0.5,0.0,0.1666666666666666,0.3333333333333333,0.3333333333333333,2,0,False,True,0.0,0.0,-0.238800000578165,0.6148939459096615,0.3883596548098863,0.0151769920838512,0.0111279477223221,1.3638626333054094,0.9911526044319836,0.59254944
ACAGGA,210,284,159,479,GGATGATGGTGAGCACGTGA,TGATGGTGA,TAPE1,GATGGTGAGCACG,ACAGGA,False,ACAGGATGATGGTGA,6,15,0.5,0.1666666666666666,0.0,0.3333333333333333,0.5,0,0,False,True,0.0,0.0,-0.238800000578165,0.6148939459096615,0.3883596548098863,0.0271770098058313,0.0226820721659248,1.1981713842996793,0.5500328892310837,0.7210112
ACCGGA,283,357,239,399,GGATGATGGTGAGCACGTGA,TGATGGTGA,TAPE1,GATGGTGAGCACG,ACCGGA,False,ACCGGATGATGGTGA,6,15,0.3333333333333333,0.3333333333333333,0.0,0.3333333333333333,0.6666666666666666,0,0,False,True,-2.400000095367432,0.0,-0.238800000578165,0.6148939459096615,-3.5147525994779985,0.0369342856565441,0.0188938346434321,1.9548326929696749,2.5644918482102965,1.2175664
ACGGGA,337,459,147,446,GGATGATGGTGAGCACGTGA,TGATGGTGA,TAPE1,GATGGTGAGCACG,ACGGGA,False,ACGGGATGATGGTGA,6,15,0.3333333333333333,0.1666666666666666,0.0,0.5,0.6666666666666666,0,2,False,True,0.0,0.0,-0.238800000578165,0.6148939459096615,0.3883596548098863,0.0385314779778203,0.0211194241878965,1.8244568429049528,2.217392298929717,0.37319914
ACTGGA,237,207,127,373,GGATGATGGTGAGCACGTGA,TGATGGTGA,TAPE1,GATGGTGAGCACG,ACTGGA,False,ACTGGATGATGGTGA,6,15,0.3333333333333333,0.1666666666666666,0.1666666666666666,0.3333333333333333,0.5,0,0,False,True,0.0,0.0,-0.238800000578165,0.6148939459096615,0.3883596548098863,0.0242836654785346,0.017662657448622,1.374859108782026,1.0204285146539591,0.65106165
AGAGGA,124,110,144,361,GGATGATGGTGAGCACGTGA,TGATGGTGA,TAPE1,GATGGTGAGCACG,AGAGGA,False,AGAGGATGATGGTGA,6,15,0.5,0.0,0.0,0.5,0.5,0,2,False,True,0.0,0.0,-0.238800000578165,0.6148939459096615,0.3883596548098863,0.0164859773079652,0.0170944218202481,0.96440683875238,-0.0723183234894278,0.22198375
AGCGGA,85,118,92,322,GGATGATGGTGAGCACGTGA,TGATGGTGA,TAPE1,GATGGTGAGCACG,AGCGGA,False,AGCGGATGATGGTGA,6,15,0.3333333333333333,0.1666666666666666,0.0,0.5,0.6666666666666666,0,2,False,True,0.0,0.0,-0.238800000578165,0.6148939459096615,0.3883596548098863,0.012431064690907,0.0152476560280329,0.8152770936104827,-0.4693463566518885,0.37319914
AGGGGA,114,149,86,382,GGATGATGGTGAGCACGTGA,TGATGGTGA,TAPE1,GATGGTGAGCACG,AGGGGA,False,AGGGGATGATGGTGA,6,15,0.3333333333333333,0.0,0.0,0.6666666666666666,0.6666666666666666,0,1,False,True,0.0,0.0,-0.238800000578165,0.6148939459096615,0.3883596548098863,0.0145618344885862,0.0180888341699024,0.8050178553140453,-0.4966595207607915,0.41405925
AGTGGA,122,272,119,376,GGATGATGGTGAGCACGTGA,TGATGGTGA,TAPE1,GATGGTGAGCACG,AGTGGA,False,AGTGGATGATGGTGA,6,15,0.3333333333333333,0.0,0.1666666666666666,0.5,0.5,0,2,False,False,0.0,0.0,-0.238800000578165,0.6148939459096615,0.3883596548098863,0.0207151439477296,0.0178047163557155,1.1634638560855195,0.4576310571908902,0.3259935
ATAGGA,261,232,192,397,GGATGATGGTGAGCACGTGA,TGATGGTGA,TAPE1,GATGGTGAGCACG,ATAGGA,False,ATAGGATGATGGTGA,6,15,0.5,0.0,0.1666666666666666,0.3333333333333333,0.3333333333333333,0,0,False,True,0.0,0.0,-0.238800000578165,0.6148939459096615,0.3883596548098863,0.0293832837485573,0.0187991287053698,1.5630130634811965,1.521350678068581,0.59254944
ATCGGA,165,248,231,420,GGATGATGGTGAGCACGTGA,TGATGGTGA,TAPE1,GATGGTGAGCACG,ATCGGA,False,ATCGGATGATGGTGA,6,15,0.3333333333333333,0.1666666666666666,0.1666666666666666,0.3333333333333333,0.5,0,0,False,True,0.0,0.0,-0.238800000578165,0.6148939459096615,0.3883596548098863,0.0272925893009416,0.0198882469930864,1.3722973829935363,1.013608433587383,0.65106165
ATGGGA,81,155,129,330,GGATGATGGTGAGCACGTGA,TGATGGTGA,TAPE1,GATGGTGAGCACG,ATGGGA,False,ATGGGATGATGGTGA,6,15,0.3333333333333333,0.0,0.1666666666666666,0.5,0.5,0,2,False,True,0.0,0.0,-0.238800000578165,0.6148939459096615,0.3883596548098863,0.0152807960005788,0.0156264797802822,0.977878333152195,-0.0364531718375663,0.3259935
ATTGGA,141,296,236,363,GGATGATGGTGAGCACGTGA,TGATGGTGA,TAPE1,GATGGTGAGCACG,ATTGGA,False,ATTGGATGATGGTGA,6,15,0.3333333333333333,0.0,0.3333333333333333,0.3333333333333333,0.3333333333333333,0,0,False,True,0.0,0.0,-0.238800000578165,0.6148939459096615,0.3883596548098863,0.0280420204237775,0.0171891277583104,1.6313812322571175,1.7033672137650344,0.5967953
CAAGGA,49,97,83,309,GGATGATGGTGAGCACGTGA,TGATGGTGA,TAPE1,GATGGTGAGCACG,CAAGGA,False,CAAGGATGATGGTGA,6,15,0.5,0.1666666666666666,0.0,0.3333333333333333,0.5,2,3,True,True,0.0,0.0,-0.238800000578165,0.6148939459096615,0.3883596548098863,0.0095924539231516,0.0146320674306279,0.6555774820359739,-0.8945145390282879,0.35900888
CACGGA,155,149,98,270,GGATGATGGTGAGCACGTGA,TGATGGTGA,TAPE1,GATGGTGAGCACG,CACGGA,False,CACGGATGATGGTGA,6,15,0.3333333333333333,0.3333333333333333,0.0,0.3333333333333333,0.6666666666666666,0,1,True,True,-2.299999952316284,0.0,-0.238800000578165,0.6148939459096615,-3.352122696034716,0.0170632963572938,0.0127853016384127,1.33460256471604,0.9132535409608944,1.0769581
CAGGGA,58,62,78,217,GGATGATGGTGAGCACGTGA,TGATGGTGA,TAPE1,GATGGTGAGCACG,CAGGGA,False,CAGGGATGATGGTGA,6,15,0.3333333333333333,0.1666666666666666,0.0,0.5,0.6666666666666666,0,1,True,True,0.0,0.0,-0.238800000578165,0.6148939459096615,0.3883596548098863,0.0085818160930542,0.0102755942797613,0.8351649412586205,-0.416398951504366,0.60256296
CATGGA,68,128,85,287,GGATGATGGTGAGCACGTGA,TGATGGTGA,TAPE1,GATGGTGAGCACG,CATGGA,False,CATGGATGATGGTGA,6,15,0.3333333333333333,0.1666666666666666,0.1666666666666666,0.3333333333333333,0.5,0,1,True,True,-0.3000000119209289,0.0,-0.238800000578165,0.6148939459096615,-0.0995293769760992,0.0116376324441725,0.0135903021119424,0.8563188918328791,-0.3600808012780486,0.669836
CCAGGA,127,219,137,379,GGATGATGGTGAGCACGTGA,TGATGGTGA,TAPE1,GATGGTGAGCACG,CCAGGA,False,CCAGGATGATGGTGA,6,15,0.3333333333333333,0.3333333333333333,0.0,0.3333333333333333,0.6666666666666666,0,2,True,True,-1.7999999523162842,0.0,-0.238800000578165,0.6148939459096615,-2.538974342036352,0.0200070452569592,0.0179467752628089,1.114798896402282,0.3280703635238961,0.79130155
CCCGGA,152,201,213,278,GGATGATGGTGAGCACGTGA,TGATGGTGA,TAPE1,GATGGTGAGCACG,CCCGGA,False,CCCGGATGATGGTGA,6,15,0.1666666666666666,0.5,0.0,0.3333333333333333,0.8333333333333334,0,1,True,True,-1.0,0.0,-0.238800000578165,0.6148939459096615,-1.2379370531868406,0.0242156331999775,0.0131641253906619,1.8395170572558497,2.257487098777005,1.1698773
CCGGGA,106,135,128,331,GGATGATGGTGAGCACGTGA,TGATGGTGA,TAPE1,GATGGTGAGCACG,CCGGGA,False,CCGGGATGATGGTGA,6,15,0.1666666666666666,0.3333333333333333,0.0,0.5,0.8333333333333334,0,1,True,True,-0.8999999761581421,0.0,-0.238800000578165,0.6148939459096615,-1.0753073436132328,0.0157249601422904,0.0156738327493133,1.0032619585646203,0.0311256392335491,0.73494995
CCTGGA,150,219,122,368,GGATGATGGTGAGCACGTGA,TGATGGTGA,TAPE1,GATGGTGAGCACG,CCTGGA,False,CCTGGATGATGGTGA,6,15,0.1666666666666666,0.3333333333333333,0.1666666666666666,0.3333333333333333,0.6666666666666666,0,1,True,True,-0.5,0.0,-0.238800000578165,0.6148939459096615,-0.4247886991884771,0.0203671156387417,0.0174258926034662,1.168784641464534,0.4717965809896444,0.73330086
CGAGGA,79,74,93,449,GGATGATGGTGAGCACGTGA,TGATGGTGA,TAPE1,GATGGTGAGCACG,CGAGGA,False,CGAGGATGATGGTGA,6,15,0.3333333333333333,0.1666666666666666,0.0,0.5,0.6666666666666666,0,3,True,True,0.0,0.0,-0.238800000578165,0.6148939459096615,0.3883596548098863,0.0106971789228911,0.02126148309499,0.5031247761550454,-1.3003892886203805,0.37660393
CGCGGA,194,312,148,455,GGATGATGGTGAGCACGTGA,TGATGGTGA,TAPE1,GATGGTGAGCACG,CGCGGA,False,CGCGGATGATGGTGA,6,15,0.1666666666666666,0.3333333333333333,0.0,0.5,0.8333333333333334,0,2,True,True,-1.899999976158142,0.0,-0.238800000578165,0.6148939459096615,-2.70160405160996,0.0268522120352364,0.021545600909177,1.2462967335387307,0.6781569783285112,0.65295607
CGGGGA,85,152,64,272,GGATGATGGTGAGCACGTGA,TGATGGTGA,TAPE1,GATGGTGAGCACG,CGGGGA,False,CGGGGATGATGGTGA,6,15,0.1666666666666666,0.1666666666666666,0.0,0.6666666666666666,0.8333333333333334,0,2,True,True,0.0,0.0,-0.238800000578165,0.6148939459096615,0.3883596548098863,0.0122461617862405,0.012880007576475,0.9507883992714246,-0.1085746869447606,0.39543632
CGTGGA,125,257,169,474,GGATGATGGTGAGCACGTGA,TGATGGTGA,TAPE1,GATGGTGAGCACG,CGTGGA,False,CGTGGATGATGGTGA,6,15,0.1666666666666666,0.1666666666666666,0.1666666666666666,0.5,0.6666666666666666,0,2,True,False,0.0,0.0,-0.238800000578165,0.6148939459096615,0.3883596548098863,0.0227447779975776,0.022445307320769,1.0133422399849048,0.0579623665558656,0.4190194
CTAGGA,163,155,119,375,GGATGATGGTGAGCACGTGA,TGATGGTGA,TAPE1,GATGGTGAGCACG,CTAGGA,False,CTAGGATGATGGTGA,6,15,0.3333333333333333,0.1666666666666666,0.1666666666666666,0.3333333333333333,0.5,0,1,True,True,0.0,0.0,-0.238800000578165,0.6148939459096615,0.3883596548098863,0.0186516152833088,0.0177573633866843,1.0503594974744412,0.1565133894933412,0.5442904
CTCGGA,115,123,120,231,GGATGATGGTGAGCACGTGA,TGATGGTGA,TAPE1,GATGGTGAGCACG,CTCGGA,False,CTCGGATGATGGTGA,6,15,0.1666666666666666,0.3333333333333333,0.1666666666666666,0.3333333333333333,0.6666666666666666,0,1,True,True,0.0,0.0,-0.238800000578165,0.6148939459096615,0.3883596548098863,0.0153544663805236,0.0109385358461975,1.403703987116442,1.0972222173524175,0.60956395
CTGGGA,165,100,179,328,GGATGATGGTGAGCACGTGA,TGATGGTGA,TAPE1,GATGGTGAGCACG,CTGGGA,False,CTGGGATGATGGTGA,6,15,0.1666666666666666,0.1666666666666666,0.1666666666666666,0.5,0.6666666666666666,0,1,True,True,0.0,0.0,-0.238800000578165,0.6148939459096615,0.3883596548098863,0.01975057362636,0.0155317738422199,1.2716238226874137,0.7455852729377719,0.46071935
CTTGGA,139,131,139,313,GGATGATGGTGAGCACGTGA,TGATGGTGA,TAPE1,GATGGTGAGCACG,CTTGGA,False,CTTGGATGATGGTGA,6,15,0.1666666666666666,0.1666666666666666,0.3333333333333333,0.3333333333333333,0.5,0,1,True,True,0.0,0.0,-0.238800000578165,0.6148939459096615,0.3883596548098863,0.0176663517710823,0.0148214793067525,1.191942545372899,0.5334498550038584,0.45456383
GAAGGA,44,100,22,210,GGATGATGGTGAGCACGTGA,TGATGGTGA,TAPE1,GATGGTGAGCACG,GAAGGA,False,GAAGGATGATGGTGA,6,15,0.5,0.0,0.0,0.5,0.5,2,2,False,True,0.0,0.0,-0.238800000578165,0.6148939459096615,0.3883596548098863,0.0065317394552926,0.0099441234965432,0.6568441610327134,-0.8911422602770224,0.2766728
GACGGA,99,93,145,301,GGATGATGGTGAGCACGTGA,TGATGGTGA,TAPE1,GATGGTGAGCACG,GACGGA,False,GACGGATGATGGTGA,6,15,0.3333333333333333,0.1666666666666666,0.0,0.5,0.6666666666666666,0,2,False,True,0.0,0.0,-0.238800000578165,0.6148939459096615,0.3883596548098863,0.0147803491861643,0.0142532436783786,1.0369814422372687,0.1208970008694655,0.37319914
GAGGGA,46,62,34,220,GGATGATGGTGAGCACGTGA,TGATGGTGA,TAPE1,GATGGTGAGCACG,GAGGGA,False,GAGGGATGATGGTGA,6,15,0.3333333333333333,0.0,0.0,0.6666666666666666,0.6666666666666666,0,2,False,True,0.0,0.0,-0.238800000578165,0.6148939459096615,0.3883596548098863,0.0059061418913255,0.0104176531868548,0.5669359293682366,-1.1305048927880426,0.32821035
GATGGA,44,105,70,279,GGATGATGGTGAGCACGTGA,TGATGGTGA,TAPE1,GATGGTGAGCACG,GATGGA,False,GATGGATGATGGTGA,6,15,0.3333333333333333,0.0,0.1666666666666666,0.5,0.5,0,2,False,True,0.0,0.0,-0.238800000578165,0.6148939459096615,0.3883596548098863,0.0090063550261478,0.0132114783596931,0.6817068295419043,-0.8249503924643209,0.3259935
GCAGGA,171,237,150,493,GGATGATGGTGAGCACGTGA,TGATGGTGA,TAPE1,GATGGTGAGCACG,GCAGGA,False,GCAGGATGATGGTGA,6,15,0.3333333333333333,0.1666666666666666,0.0,0.5,0.6666666666666666,0,0,False,True,0.0,0.0,-0.238800000578165,0.6148939459096615,0.3883596548098863,0.0233110801336356,0.023345013732361,0.9985464305519628,0.0185714917668147,0.7210112
GCCGGA,148,282,183,389,GGATGATGGTGAGCACGTGA,TGATGGTGA,TAPE1,GATGGTGAGCACG,GCCGGA,False,GCCGGATGATGGTGA,6,15,0.1666666666666666,0.3333333333333333,0.0,0.5,0.8333333333333334,0,0,False,True,-2.700000047683716,0.0,-0.238800000578165,0.6148939459096615,-4.002641534329147,0.0253492780001495,0.0184203049531205,1.3761595187844693,1.0238905954419577,0.9177481
GCGGGA,162,181,107,359,GGATGATGGTGAGCACGTGA,TGATGGTGA,TAPE1,GATGGTGAGCACG,GCGGGA,False,GCGGGATGATGGTGA,6,15,0.1666666666666666,0.1666666666666666,0.0,0.6666666666666666,0.8333333333333334,0,2,False,True,0.0,0.0,-0.238800000578165,0.6148939459096615,0.3883596548098863,0.0189150509796971,0.0169997158821858,1.1126686534519323,0.3223990189646283,0.27906552
GCTGGA,110,198,98,408,GGATGATGGTGAGCACGTGA,TGATGGTGA,TAPE1,GATGGTGAGCACG,GCTGGA,False,GCTGGATGATGGTGA,6,15,0.1666666666666666,0.1666666666666666,0.1666666666666666,0.5,0.6666666666666666,0,0,False,True,0.0,0.0,-0.238800000578165,0.6148939459096615,0.3883596548098863,0.0166206124463445,0.0193200113647125,0.8602796412791749,-0.3495361003465487,0.53791976
GGAGGA,55,55,33,366,GGATGATGGTGAGCACGTGA,TGATGGTGA,TAPE1,GATGGTGAGCACG,GGAGGA,False,GGAGGATGATGGTGA,6,15,0.3333333333333333,0.0,0.0,0.6666666666666666,0.6666666666666666,0,2,False,True,0.0,0.0,-0.238800000578165,0.6148939459096615,0.3883596548098863,0.0060421377403525,0.0173311866654039,0.3486280459037289,-1.711705843096797,0.32821035
GGCGGA,56,151,89,329,GGATGATGGTGAGCACGTGA,TGATGGTGA,TAPE1,GATGGTGAGCACG,GGCGGA,False,GGCGGATGATGGTGA,6,15,0.1666666666666666,0.1666666666666666,0.0,0.6666666666666666,0.8333333333333334,0,1,False,True,0.0,0.0,-0.238800000578165,0.6148939459096615,0.3883596548098863,0.0120502589928019,0.015579126811251,0.7734874450151723,-0.5806029136356041,0.3067621
GGGGGA,85,130,76,300,GGATGATGGTGAGCACGTGA,TGATGGTGA,TAPE1,GATGGTGAGCACG,GGGGGA,False,GGGGGATGATGGTGA,6,15,0.1666666666666666,0.0,0.0,0.8333333333333334,0.8333333333333334,0,0,False,True,0.0,0.0,-0.238800000578165,0.6148939459096615,0.3883596548098863,0.012072138988763,0.0142058907093474,0.8497981038823292,-0.3774410912202927,0.4911623
GGTGGA,49,72,49,261,GGATGATGGTGAGCACGTGA,TGATGGTGA,TAPE1,GATGGTGAGCACG,GGTGGA,False,GGTGGATGATGGTGA,6,15,0.1666666666666666,0.0,0.1666666666666666,0.6666666666666666,0.6666666666666666,0,1,False,False,0.0,0.0,-0.238800000578165,0.6148939459096615,0.3883596548098863,0.0071080089413791,0.0123591249171323,0.5751223479848454,-1.1087101952989258,0.334286
GTAGGA,108,146,95,399,GGATGATGGTGAGCACGTGA,TGATGGTGA,TAPE1,GATGGTGAGCACG,GTAGGA,False,GTAGGATGATGGTGA,6,15,0.3333333333333333,0.0,0.1666666666666666,0.5,0.5,0,0,False,True,0.0,0.0,-0.238800000578165,0.6148939459096615,0.3883596548098863,0.0146098117625666,0.0188938346434321,0.7732581573982015,-0.5812133459239971,0.6003989
GTCGGA,94,156,60,264,GGATGATGGTGAGCACGTGA,TGATGGTGA,TAPE1,GATGGTGAGCACG,GTCGGA,False,GTCGGATGATGGTGA,6,15,0.1666666666666666,0.1666666666666666,0.1666666666666666,0.5,0.6666666666666666,0,0,False,True,0.0,0.0,-0.238800000578165,0.6148939459096615,0.3883596548098863,0.0126131782505961,0.0125011838242257,1.0089587056670053,0.0462920857082734,0.53791976
GTGGGA,92,144,151,317,GGATGATGGTGAGCACGTGA,TGATGGTGA,TAPE1,GATGGTGAGCACG,GTGGGA,False,GTGGGATGATGGTGA,6,15,0.1666666666666666,0.0,0.1666666666666666,0.6666666666666666,0.6666666666666666,0,2,False,True,0.0,0.0,-0.238800000578165,0.6148939459096615,0.3883596548098863,0.0164784111966404,0.0150108911828771,1.0977636834405442,0.2827175260315036,0.32607615
GTTGGA,126,119,120,401,GGATGATGGTGAGCACGTGA,TGATGGTGA,TAPE1,GATGGTGAGCACG,GTTGGA,False,GTTGGATGATGGTGA,6,15,0.1666666666666666,0.0,0.3333333333333333,0.5,0.5,0,0,False,True,0.0,0.0,-0.238800000578165,0.6148939459096615,0.3883596548098863,0.015734669335844,0.0189885405814944,0.8286402669185886,-0.4337695881790522,0.504409
TAAGGA,44,33,33,290,GGATGATGGTGAGCACGTGA,TGATGGTGA,TAPE1,GATGGTGAGCACG,TAAGGA,False,TAAGGATGATGGTGA,6,15,0.5,0.0,0.1666666666666666,0.3333333333333333,0.3333333333333333,2,3,False,True,0.0,0.0,-0.238800000578165,0.6148939459096615,0.3883596548098863,0.0047755006368612,0.0137323610190358,0.3477552498249531,-1.7140294875862216,0.16232578
TACGGA,101,162,74,279,GGATGATGGTGAGCACGTGA,TGATGGTGA,TAPE1,GATGGTGAGCACG,TACGGA,False,TACGGATGATGGTGA,6,15,0.3333333333333333,0.1666666666666666,0.1666666666666666,0.3333333333333333,0.5,0,2,False,True,-0.4000000059604645,0.0,-0.238800000578165,0.6148939459096615,-0.2621590380822882,0.0138185140858116,0.0132114783596931,1.0459476002300032,0.1447675980430345,0.48406923
TAGGGA,42,100,59,241,GGATGATGGTGAGCACGTGA,TGATGGTGA,TAPE1,GATGGTGAGCACG,TAGGGA,False,TAGGGATGATGGTGA,6,15,0.3333333333333333,0.0,0.1666666666666666,0.5,0.5,0,2,False,True,0.0,0.0,-0.238800000578165,0.6148939459096615,0.3883596548098863,0.0082139299557213,0.0114120655365091,0.7197583933814247,-0.723645736336962,0.3259935
TATGGA,57,69,54,236,GGATGATGGTGAGCACGTGA,TGATGGTGA,TAPE1,GATGGTGAGCACG,TATGGA,False,TATGGATGATGGTGA,6,15,0.3333333333333333,0.0,0.3333333333333333,0.3333333333333333,0.3333333333333333,0,2,False,True,0.0,0.0,-0.238800000578165,0.6148939459096615,0.3883596548098863,0.0076214361224967,0.0111753006913533,0.6819893560800268,-0.8241982222273221,0.3331595
TCAGGA,66,67,89,372,GGATGATGGTGAGCACGTGA,TGATGGTGA,TAPE1,GATGGTGAGCACG,TCAGGA,False,TCAGGATGATGGTGA,6,15,0.3333333333333333,0.1666666666666666,0.1666666666666666,0.3333333333333333,0.5,0,2,False,True,0.0,0.0,-0.238800000578165,0.6148939459096615,0.3883596548098863,0.0096560106760195,0.0176153044795908,0.5481603049897359,-1.1804912265761165,0.36742526
TCCGGA,155,207,116,324,GGATGATGGTGAGCACGTGA,TGATGGTGA,TAPE1,GATGGTGAGCACG,TCCGGA,False,TCCGGATGATGGTGA,6,15,0.1666666666666666,0.3333333333333333,0.1666666666666666,0.3333333333333333,0.6666666666666666,0,1,False,True,-0.699999988079071,0.0,-0.238800000578165,0.6148939459096615,-0.750048021400855,0.0199047816796757,0.0153423619660952,1.2973740108376286,0.8141399837710499,0.67440695
TCGGGA,122,129,80,386,GGATGATGGTGAGCACGTGA,TGATGGTGA,TAPE1,GATGGTGAGCACG,TCGGGA,False,TCGGGATGATGGTGA,6,15,0.1666666666666666,0.1666666666666666,0.1666666666666666,0.5,0.6666666666666666,0,1,False,True,0.0,0.0,-0.238800000578165,0.6148939459096615,0.3883596548098863,0.0139676363171216,0.018278246046027,0.7641672117745467,-0.6054161651342909,0.37364292
TCTGGA,77,160,99,392,GGATGATGGTGAGCACGTGA,TGATGGTGA,TAPE1,GATGGTGAGCACG,TCTGGA,False,TCTGGATGATGGTGA,6,15,0.1666666666666666,0.1666666666666666,0.3333333333333333,0.3333333333333333,0.5,0,1,False,True,0.0,0.0,-0.238800000578165,0.6148939459096615,0.3883596548098863,0.0138233255984052,0.018562363860214,0.7446964030283711,-0.657253287857333,0.35063374
TGCGGA,115,123,104,427,GGATGATGGTGAGCACGTGA,TGATGGTGA,TAPE1,GATGGTGAGCACG,TGCGGA,False,TGCGGATGATGGTGA,6,15,0.1666666666666666,0.1666666666666666,0.1666666666666666,0.5,0.6666666666666666,0,2,False,False,0.0,0.0,-0.238800000578165,0.6148939459096615,0.3883596548098863,0.0145864172253777,0.0202197177763045,0.7213956884438557,-0.7192867666510346,0.33194298
TGGGGA,29,52,44,310,GGATGATGGTGAGCACGTGA,TGATGGTGA,TAPE1,GATGGTGAGCACG,TGGGGA,False,TGGGGATGATGGTGA,6,15,0.1666666666666666,0.0,0.1666666666666666,0.6666666666666666,0.6666666666666666,0,2,False,True,0.0,0.0,-0.238800000578165,0.6148939459096615,0.3883596548098863,0.0052468894502636,0.014679420399659,0.3574316497118317,-1.688268013833783,0.32607615
TGTGGA,23,127,40,318,GGATGATGGTGAGCACGTGA,TGATGGTGA,TAPE1,GATGGTGAGCACG,TGTGGA,False,TGTGGATGATGGTGA,6,15,0.1666666666666666,0.0,0.3333333333333333,0.5,0.5,0,2,False,False,0.0,0.0,-0.238800000578165,0.6148939459096615,0.3883596548098863,0.0073301292302005,0.0150582441519083,0.4867851229036971,-1.3438903379031153,0.3184327
TTAGGA,29,126,95,345,GGATGATGGTGAGCACGTGA,TGATGGTGA,TAPE1,GATGGTGAGCACG,TTAGGA,False,TTAGGATGATGGTGA,6,15,0.3333333333333333,0.0,0.3333333333333333,0.3333333333333333,0.3333333333333333,0,1,False,True,0.0,0.0,-0.238800000578165,0.6148939459096615,0.3883596548098863,0.0102179740924699,0.0163367743157496,0.6254584837240014,-0.9747003305968832,0.38503444
TTCGGA,105,162,121,300,GGATGATGGTGAGCACGTGA,TGATGGTGA,TAPE1,GATGGTGAGCACG,TTCGGA,False,TTCGGATGATGGTGA,6,15,0.1666666666666666,0.1666666666666666,0.3333333333333333,0.3333333333333333,0.5,0,1,False,True,0.0,0.0,-0.238800000578165,0.6148939459096615,0.3883596548098863,0.0162625048207453,0.0142058907093474,1.1447719226816666,0.4078675338356126,0.35063374
TTGGGA,60,36,83,293,GGATGATGGTGAGCACGTGA,TGATGGTGA,TAPE1,GATGGTGAGCACG,TTGGGA,False,TTGGGATGATGGTGA,6,15,0.1666666666666666,0.0,0.3333333333333333,0.5,0.5,0,1,False,True,0.0,0.0,-0.238800000578165,0.6148939459096615,0.3883596548098863,0.0080293204767127,0.0138744199261293,0.5787139584546768,-1.099148252848303,0.3273954
TTTGGA,68,113,57,363,GGATGATGGTGAGCACGTGA,TGATGGTGA,TAPE1,GATGGTGAGCACG,TTTGGA,False,TTTGGATGATGGTGA,6,15,0.1666666666666666,0.0,0.5,0.3333333333333333,0.3333333333333333,0,1,False,True,0.0,0.0,-0.238800000578165,0.6148939459096615,0.3883596548098863,0.0097821421064147,0.0171891277583104,0.5690889173643717,-1.124772994106699,0.2233281
